date,player_name,#NAME?,opponent,country,player_id,match_id,event_id,event_name,best_of,map_1,map_2,map_3,kills,assists,deaths,hs,flash_assists,kast,kddiff,adr,fkdiff,rating,m1_kills,m1_assists,m1_deaths,m1_hs,m1_flash_assists,m1_kast,m1_kddiff,m1_adr,m1_fkdiff,m1_rating,m2_kills,m2_assists,m2_deaths,m2_hs,m2_flash_assists,m2_kast,m2_kddiff,m2_adr,m2_fkdiff,m2_rating,m3_kills,m3_assists,m3_deaths,m3_hs,m3_flash_assists,m3_kast,m3_kddiff,m3_adr,m3_fkdiff,m3_rating,kills_ct,deaths_ct,kddiff_ct,adr_ct,kast_ct,rating_ct,kills_t,deaths_t,kddiff_t,adr_t,kast_t,rating_t,m1_kills_ct,m1_deaths_ct,m1_kddiff_ct,m1_adr_ct,m1_kast_ct,m1_rating_ct,m1_kills_t,m1_deaths_t,m1_kddiff_t,m1_adr_t,m1_kast_t,m1_rating_t,m2_kills_ct,m2_deaths_ct,m2_kddiff_ct,m2_adr_ct,m2_kast_ct,m2_rating_ct,m2_kills_t,m2_deaths_t,m2_kddiff_t,m2_adr_t,m2_kast_t,m2_rating_t,m3_kills_ct,m3_deaths_ct,m3_kddiff_ct,m3_adr_ct,m3_kast_ct,m3_rating_ct,m3_kills_t,m3_deaths_t,m3_kddiff_t,m3_adr_t,m3_kast_t,m3_rating_t,winner
2/26/2020,AZR,100 Thieves,TYLOO,Australia,8082,2339388,4901,IEM Katowice 2020,3,Inferno,Vertigo,,31,20,28,17,15,82.4,3,68.5,4,1.14,15,12,11,11,10,88,4,62.7,3,1.18,16,8,17,6,5,76.9,-1,74.1,1,1.11,NA,NA,NA,NA,NA,NA,NA,NA,NA,NA,15,18,-3,65.5,80.8,0.97,16,10,6,71.6,84,1.32,8,8,0,51.7,80,0.93,7,3,4,79.1,100,1.56,7,10,-3,84.4,81.8,1.03,9,7,2,66.6,73.3,1.17,NA,NA,NA,NA,NA,NA,NA,NA,NA,NA,NA,NA,0
2/26/2020,Gratisfaction,100 Thieves,TYLOO,New Zealand,9686,2339388,4901,IEM Katowice 2020,3,Inferno,Vertigo,,28,10,25,10,3,76.5,3,57.5,1,1.08,16,5,10,4,1,92,6,70.2,2,1.3,12,5,15,6,2,61.5,-3,45.3,-1,0.91,NA,NA,NA,NA,NA,NA,NA,NA,NA,NA,16,12,4,49.5,73.1,0.96,12,13,-1,65.9,80,1.2,13,6,7,80.7,93.3,1.43,3,4,-1,54.3,90,1.12,3,6,-3,6.8,45.5,0.45,9,9,0,73.6,73.3,1.25,NA,NA,NA,NA,NA,NA,NA,NA,NA,NA,NA,NA,0
2/26/2020,Liazz,100 Thieves,TYLOO,Australia,10588,2339388,4901,IEM Katowice 2020,3,Inferno,Vertigo,,43,10,25,21,0,86.3,18,95.5,5,1.48,18,5,10,9,0,88,8,86.8,2,1.4,25,5,15,12,0,84.6,10,103.9,3,1.6,NA,NA,NA,NA,NA,NA,NA,NA,NA,NA,20,14,6,102.9,88.5,1.37,23,11,12,87.8,84,1.59,6,8,-2,66.4,86.7,0.91,12,2,10,117.3,90,2.13,14,6,8,152.6,90.9,2.08,11,9,2,68.1,80,1.25,NA,NA,NA,NA,NA,NA,NA,NA,NA,NA,NA,NA,0
2/26/2020,jkaem,100 Thieves,TYLOO,Norway,8248,2339388,4901,IEM Katowice 2020,3,Inferno,Vertigo,,46,6,34,23,1,74.5,12,89.2,6,1.39,19,3,15,9,0,80,4,80.6,2,1.33,27,3,19,14,1,69.2,8,97.5,4,1.47,NA,NA,NA,NA,NA,NA,NA,NA,NA,NA,21,17,4,82.4,69.2,1.13,25,17,8,96.3,80,1.67,11,8,3,86.8,73.3,1.15,8,7,1,71.4,90,1.6,10,9,1,76.5,63.6,1.11,17,10,7,112.9,73.3,1.73,NA,NA,NA,NA,NA,NA,NA,NA,NA,NA,NA,NA,0
2/26/2020,jks,100 Thieves,TYLOO,Australia,4679,2339388,4901,IEM Katowice 2020,3,Inferno,Vertigo,,44,15,25,23,1,82.4,19,96.6,3,1.49,22,6,10,15,0,80,12,91.7,2,1.54,22,9,15,8,1,84.6,7,101.4,1,1.45,NA,NA,NA,NA,NA,NA,NA,NA,NA,NA,20,18,2,94.6,80.8,1.23,24,7,17,98.8,84,1.76,12,9,3,94.2,73.3,1.31,10,1,9,87.9,90,1.89,8,9,-1,95.1,90.9,1.14,14,6,8,106.1,80,1.67,NA,NA,NA,NA,NA,NA,NA,NA,NA,NA,NA,NA,0
2/24/2020,AZR,100 Thieves,G2,Australia,8082,2339378,4901,IEM Katowice 2020,3,Mirage,Dust2,,12,3,35,8,2,40.5,-23,41.6,-4,0.37,5,1,17,3,0,31.6,-12,34.9,-1,0.31,7,2,18,5,2,50,-11,48.7,-3,0.44,NA,NA,NA,NA,NA,NA,NA,NA,NA,NA,0,7,-7,48.6,14.3,0.11,12,28,-16,40,46.7,0.43,0,4,-4,16.2,NA,0.02,5,13,-8,39.9,40,0.39,0,3,-3,91.7,33.3,0.31,7,15,-8,40.1,53.3,0.46,NA,NA,NA,NA,NA,NA,NA,NA,NA,NA,NA,NA,1
2/24/2020,Gratisfaction,100 Thieves,G2,New Zealand,9686,2339378,4901,IEM Katowice 2020,3,Mirage,Dust2,,15,8,34,4,6,43.2,-19,44.9,-5,0.44,9,3,16,2,2,47.4,-7,47.3,-2,0.51,6,5,18,2,4,38.9,-12,42.5,-3,0.38,NA,NA,NA,NA,NA,NA,NA,NA,NA,NA,1,7,-6,43.3,42.9,0.19,14,27,-13,45.3,43.3,0.5,0,4,-4,45.2,50,0.24,9,12,-3,47.8,46.7,0.58,1,3,-2,40.7,33.3,0.22,5,15,-10,42.9,40,0.42,NA,NA,NA,NA,NA,NA,NA,NA,NA,NA,NA,NA,1
2/24/2020,Liazz,100 Thieves,G2,Australia,10588,2339378,4901,IEM Katowice 2020,3,Mirage,Dust2,,12,11,35,6,4,54.1,-23,49.9,-6,0.55,7,5,18,2,1,57.9,-11,52.9,-3,0.62,5,6,17,4,3,50,-12,46.6,-3,0.48,NA,NA,NA,NA,NA,NA,NA,NA,NA,NA,2,7,-5,32.4,28.6,0.15,10,28,-18,53.9,60,0.64,1,4,-3,12.2,25,0.08,6,14,-8,63.8,66.7,0.77,1,3,-2,59.3,33.3,0.27,4,14,-10,44.1,53.3,0.52,NA,NA,NA,NA,NA,NA,NA,NA,NA,NA,NA,NA,1
2/24/2020,jkaem,100 Thieves,G2,Norway,8248,2339378,4901,IEM Katowice 2020,3,Mirage,Dust2,,20,6,33,13,4,51.4,-13,64.4,1,0.78,13,1,16,7,1,57.9,-3,76.4,1,0.98,7,5,17,6,3,44.4,-10,51.8,0,0.59,NA,NA,NA,NA,NA,NA,NA,NA,NA,NA,6,6,0,94,71.4,1.07,14,27,-13,57.5,46.7,0.71,5,4,1,132.2,100,1.68,8,12,-4,61.5,46.7,0.8,1,2,-1,43,33.3,0.42,6,15,-9,53.5,46.7,0.63,NA,NA,NA,NA,NA,NA,NA,NA,NA,NA,NA,NA,1
2/24/2020,jks,100 Thieves,G2,Australia,4679,2339378,4901,IEM Katowice 2020,3,Mirage,Dust2,,28,3,34,18,0,59.5,-6,84.1,-1,0.9,12,1,18,10,0,57.9,-6,75.2,0,0.76,16,2,16,8,0,61.1,0,93.4,-1,1.07,NA,NA,NA,NA,NA,NA,NA,NA,NA,NA,6,6,0,85,71.4,0.99,22,28,-6,83.8,56.7,0.87,5,4,1,123.8,75,1.46,7,14,-7,62.3,53.3,0.57,1,2,-1,33.3,66.7,0.47,15,14,1,105.4,60,1.19,NA,NA,NA,NA,NA,NA,NA,NA,NA,NA,NA,NA,1
2/25/2020,Magisk,Astralis,Vitality,Denmark,9032,2339382,4901,IEM Katowice 2020,3,Overpass,Vertigo,,57,11,39,20,4,75.8,18,85.9,1,1.33,18,5,15,7,0,72,3,73.7,0,1.18,39,6,24,13,4,78,15,93.4,1,1.42,NA,NA,NA,NA,NA,NA,NA,NA,NA,NA,29,18,11,86.3,74.3,1.24,28,21,7,85.5,77.4,1.42,10,9,1,68.6,73.3,0.99,8,6,2,81.3,70,1.45,19,9,10,99.5,75,1.43,20,15,5,87.6,81,1.41,NA,NA,NA,NA,NA,NA,NA,NA,NA,NA,NA,NA,0
2/25/2020,Xyp9x,Astralis,Vitality,Denmark,4954,2339382,4901,IEM Katowice 2020,3,Overpass,Vertigo,,47,17,45,20,9,74.2,2,81.4,0,1.11,16,9,15,8,5,84,1,81.1,1,1.14,31,8,30,12,4,68.3,1,81.6,-1,1.09,NA,NA,NA,NA,NA,NA,NA,NA,NA,NA,26,23,3,82,80,1.07,21,22,-1,80.7,67.7,1.15,8,9,-1,75,86.7,1.02,8,6,2,90.3,80,1.31,18,14,4,87.3,75,1.11,13,16,-3,76.1,61.9,1.08,NA,NA,NA,NA,NA,NA,NA,NA,NA,NA,NA,NA,0
2/25/2020,device,Astralis,Vitality,Denmark,7592,2339382,4901,IEM Katowice 2020,3,Overpass,Vertigo,,51,5,39,23,2,68.2,12,76.3,3,1.16,17,2,15,7,0,68,2,70.4,2,1.05,34,3,24,16,2,68.3,10,80,1,1.24,NA,NA,NA,NA,NA,NA,NA,NA,NA,NA,23,16,7,67.8,71.4,1.05,28,23,5,86,64.5,1.29,10,8,2,65.1,66.7,0.99,7,7,0,78.4,70,1.13,13,8,5,69.8,75,1.09,21,16,5,89.6,61.9,1.37,NA,NA,NA,NA,NA,NA,NA,NA,NA,NA,NA,NA,0
2/25/2020,dupreeh,Astralis,Vitality,Denmark,7398,2339382,4901,IEM Katowice 2020,3,Overpass,Vertigo,,54,14,44,26,1,74.2,10,84.2,1,1.22,29,7,15,17,0,88,14,119.7,2,1.8,25,7,29,9,1,65.9,-4,62.6,-1,0.89,NA,NA,NA,NA,NA,NA,NA,NA,NA,NA,38,18,20,101,77.1,1.49,16,26,-10,65.3,71,0.91,22,6,16,140.5,86.7,2.15,7,9,-2,88.5,90,1.28,16,12,4,71.5,70,1.03,9,17,-8,54.2,61.9,0.74,NA,NA,NA,NA,NA,NA,NA,NA,NA,NA,NA,NA,0
2/25/2020,gla1ve,Astralis,Vitality,Denmark,7412,2339382,4901,IEM Katowice 2020,3,Overpass,Vertigo,,35,16,48,17,7,74.2,-13,65.7,7,0.9,14,7,14,5,4,80,0,55.9,0,0.96,21,9,34,12,3,70.7,-13,71.7,7,0.87,NA,NA,NA,NA,NA,NA,NA,NA,NA,NA,20,23,-3,75.4,82.9,1.06,15,25,-10,54.7,64.5,0.72,7,8,-1,56.2,80,0.9,7,6,1,55.4,80,1.03,13,15,-2,89.8,85,1.18,8,19,-11,54.3,57.1,0.57,NA,NA,NA,NA,NA,NA,NA,NA,NA,NA,NA,NA,0
2/24/2020,Magisk,Astralis,Cloud9,Denmark,9032,2339374,4901,IEM Katowice 2020,3,Overpass,Train,,34,13,31,17,2,74.5,3,83,0,1.18,19,6,10,11,2,78.3,9,99.3,0,1.52,15,7,21,6,0,71.4,-6,69.6,0,0.93,NA,NA,NA,NA,NA,NA,NA,NA,NA,NA,21,14,7,90.4,78.6,1.32,13,17,-4,74,69.6,1,16,4,12,118.1,86.7,1.91,3,6,-3,64.1,62.5,0.77,5,10,-5,58.5,69.2,0.69,10,11,-1,79.3,73.3,1.13,NA,NA,NA,NA,NA,NA,NA,NA,NA,NA,NA,NA,0
2/24/2020,Xyp9x,Astralis,Cloud9,Denmark,4954,2339374,4901,IEM Katowice 2020,3,Overpass,Train,,49,10,24,21,4,84.3,25,95.6,1,1.52,20,3,9,9,2,87,11,79.3,1,1.38,29,7,15,12,2,82.1,14,109,0,1.65,NA,NA,NA,NA,NA,NA,NA,NA,NA,NA,29,9,20,99.6,96.4,1.66,20,15,5,90.7,69.6,1.34,12,3,9,68.1,100,1.42,8,6,2,100.2,62.5,1.32,17,6,11,136.1,92.3,1.98,12,9,3,85.6,73.3,1.36,NA,NA,NA,NA,NA,NA,NA,NA,NA,NA,NA,NA,0
2/24/2020,device,Astralis,Cloud9,Denmark,7592,2339374,4901,IEM Katowice 2020,3,Overpass,Train,,50,4,24,21,3,82.4,26,88.3,7,1.57,26,1,8,13,1,82.6,18,93.1,4,1.81,24,3,16,8,2,82.1,8,84.4,3,1.37,NA,NA,NA,NA,NA,NA,NA,NA,NA,NA,29,13,16,96.1,78.6,1.61,21,11,10,78.7,87,1.52,18,5,13,105.5,80,1.87,8,3,5,69.8,87.5,1.71,11,8,3,85.3,76.9,1.32,13,8,5,83.5,86.7,1.42,NA,NA,NA,NA,NA,NA,NA,NA,NA,NA,NA,NA,0
2/24/2020,dupreeh,Astralis,Cloud9,Denmark,7398,2339374,4901,IEM Katowice 2020,3,Overpass,Train,,33,12,34,19,1,80.4,-1,78.2,1,1.07,15,5,13,10,1,82.6,2,78.3,2,1.18,18,7,21,9,0,78.6,-3,78.2,-1,0.98,NA,NA,NA,NA,NA,NA,NA,NA,NA,NA,20,18,2,83.2,85.7,1.17,13,16,-3,72.1,73.9,0.95,9,8,1,72.5,80,1.1,6,5,1,89,87.5,1.32,11,10,1,95.6,92.3,1.24,7,11,-4,63.1,66.7,0.76,NA,NA,NA,NA,NA,NA,NA,NA,NA,NA,NA,NA,0
2/24/2020,gla1ve,Astralis,Cloud9,Denmark,7412,2339374,4901,IEM Katowice 2020,3,Overpass,Train,,31,9,27,14,4,82.4,4,68.6,4,1.11,11,6,13,7,2,73.9,-2,67.3,2,1,20,3,14,7,2,89.3,6,69.6,2,1.21,NA,NA,NA,NA,NA,NA,NA,NA,NA,NA,17,12,5,69.2,82.1,1.09,14,15,-1,67.8,82.6,1.13,7,6,1,68.2,80,1.01,4,7,-3,65.5,62.5,0.98,10,6,4,70.3,84.6,1.2,10,8,2,69.1,93.3,1.22,NA,NA,NA,NA,NA,NA,NA,NA,NA,NA,NA,NA,0
2/25/2020,JT,Cloud9,NiP,South Africa,11630,2339386,4901,IEM Katowice 2020,3,Overpass,Vertigo,,19,4,34,11,3,53.5,-15,44.5,-6,0.59,5,2,17,3,2,44.4,-12,24.9,-4,0.26,14,2,17,8,1,60,-3,58.6,-2,0.83,NA,NA,NA,NA,NA,NA,NA,NA,NA,NA,6,14,-8,47.2,50,0.41,13,20,-7,42.6,56,0.71,1,3,-2,51,33.3,0.25,4,14,-10,19.7,46.7,0.27,5,11,-6,46.5,53.3,0.44,9,6,3,76.9,70,1.4,NA,NA,NA,NA,NA,NA,NA,NA,NA,NA,NA,NA,1
2/25/2020,Sonic,Cloud9,NiP,South Africa,8711,2339386,4901,IEM Katowice 2020,3,Overpass,Vertigo,,20,3,36,13,1,55.8,-16,50.4,-4,0.59,8,3,17,5,1,50,-9,43.1,-2,0.39,12,0,19,8,0,60,-7,55.7,-2,0.73,NA,NA,NA,NA,NA,NA,NA,NA,NA,NA,6,15,-9,38,55.6,0.43,14,21,-7,59.3,56,0.7,1,2,-1,53.3,33.3,0.54,7,15,-8,41,53.3,0.36,5,13,-8,34.9,60,0.41,7,6,1,86.8,60,1.21,NA,NA,NA,NA,NA,NA,NA,NA,NA,NA,NA,NA,1
2/25/2020,floppy,Cloud9,NiP,United States,12713,2339386,4901,IEM Katowice 2020,3,Overpass,Vertigo,,26,10,37,15,2,65.1,-11,77.3,1,0.94,7,7,16,3,2,61.1,-9,59.3,-2,0.76,19,3,21,12,0,68,-2,90.2,3,1.08,NA,NA,NA,NA,NA,NA,NA,NA,NA,NA,12,17,-5,83,55.6,0.79,14,20,-6,73.2,72,1.05,1,2,-1,25,33.3,0.34,6,14,-8,66.1,66.7,0.84,11,15,-4,94.6,60,0.89,8,6,2,83.7,80,1.37,NA,NA,NA,NA,NA,NA,NA,NA,NA,NA,NA,NA,1
2/25/2020,motm,Cloud9,NiP,United States,13230,2339386,4901,IEM Katowice 2020,3,Overpass,Vertigo,,21,3,34,13,0,60.5,-13,61.4,-3,0.76,11,1,18,7,0,55.6,-7,73.2,1,0.76,10,2,16,6,0,64,-6,52.9,-4,0.79,NA,NA,NA,NA,NA,NA,NA,NA,NA,NA,8,13,-5,60.2,55.6,0.69,13,21,-8,62.3,64,0.82,2,3,-1,79.7,66.7,0.81,9,15,-6,71.9,53.3,0.76,6,10,-4,56.3,53.3,0.67,4,6,-2,47.9,80,0.96,NA,NA,NA,NA,NA,NA,NA,NA,NA,NA,NA,NA,1
2/25/2020,oSee,Cloud9,NiP,United States,13249,2339386,4901,IEM Katowice 2020,3,Overpass,Vertigo,,25,6,37,11,2,69.8,-12,67.8,-1,0.81,10,3,17,5,1,61.1,-7,58.8,-1,0.69,15,3,20,6,1,76,-5,74.2,0,0.92,NA,NA,NA,NA,NA,NA,NA,NA,NA,NA,11,16,-5,73.3,72.2,0.65,14,21,-7,63.8,68,0.93,3,3,0,107.3,100,1.24,7,14,-7,49.1,53.3,0.58,8,13,-5,66.5,66.7,0.55,7,7,0,85.9,90,1.47,NA,NA,NA,NA,NA,NA,NA,NA,NA,NA,NA,NA,1
2/24/2020,JT,Cloud9,Astralis,South Africa,11630,2339374,4901,IEM Katowice 2020,3,Overpass,Train,,24,7,40,16,1,54.9,-16,57.2,-1,0.71,16,3,17,10,0,56.5,-1,78.2,1,0.99,8,4,23,6,1,53.6,-15,39.9,-2,0.5,NA,NA,NA,NA,NA,NA,NA,NA,NA,NA,10,18,-8,59.6,60.9,0.6,14,22,-8,55.1,50,0.79,7,6,1,103.4,75,1.17,9,11,-2,64.8,46.7,0.89,3,12,-9,36.3,53.3,0.34,5,11,-6,44,53.8,0.68,NA,NA,NA,NA,NA,NA,NA,NA,NA,NA,NA,NA,1
2/24/2020,Sonic,Cloud9,Astralis,South Africa,8711,2339374,4901,IEM Katowice 2020,3,Overpass,Train,,25,9,38,11,4,70.6,-13,55.5,2,0.82,9,3,18,4,2,60.9,-9,47.6,0,0.65,16,6,20,7,2,78.6,-4,62,2,0.95,NA,NA,NA,NA,NA,NA,NA,NA,NA,NA,14,13,1,65.2,87,1.12,11,25,-14,47.6,57.1,0.57,5,5,0,58.4,87.5,1.13,4,13,-9,41.9,46.7,0.39,9,8,1,68.9,86.7,1.11,7,12,-5,54.2,69.2,0.77,NA,NA,NA,NA,NA,NA,NA,NA,NA,NA,NA,NA,1
2/24/2020,floppy,Cloud9,Astralis,United States,12713,2339374,4901,IEM Katowice 2020,3,Overpass,Train,,33,12,41,14,4,56.9,-8,75.5,-3,0.94,8,3,18,5,2,43.5,-10,40.4,-3,0.52,25,9,23,9,2,67.9,2,104.2,0,1.33,NA,NA,NA,NA,NA,NA,NA,NA,NA,NA,19,17,2,93.6,60.9,1.21,14,24,-10,60.6,53.6,0.72,5,5,0,54.6,62.5,0.92,3,13,-10,32.9,33.3,0.3,14,12,2,114.3,60,1.38,11,11,0,92.6,76.9,1.27,NA,NA,NA,NA,NA,NA,NA,NA,NA,NA,NA,NA,1
2/24/2020,motm,Cloud9,Astralis,United States,13230,2339374,4901,IEM Katowice 2020,3,Overpass,Train,,28,5,37,13,2,62.7,-9,58.8,-5,0.83,9,2,19,4,0,65.2,-10,46.3,-3,0.68,19,3,18,9,2,60.7,1,69.1,-2,0.96,NA,NA,NA,NA,NA,NA,NA,NA,NA,NA,16,16,0,78.9,78.3,1.02,12,21,-9,42.3,50,0.68,4,7,-3,68.6,87.5,0.9,5,12,-7,34.4,53.3,0.57,12,9,3,84.4,73.3,1.09,7,9,-2,51.5,46.2,0.8,NA,NA,NA,NA,NA,NA,NA,NA,NA,NA,NA,NA,1
2/24/2020,oSee,Cloud9,Astralis,United States,13249,2339374,4901,IEM Katowice 2020,3,Overpass,Train,,30,8,41,6,4,64.7,-11,52.4,-6,0.73,11,2,19,3,1,60.9,-8,41,-4,0.58,19,6,22,3,3,67.9,-3,61.8,-2,0.87,NA,NA,NA,NA,NA,NA,NA,NA,NA,NA,15,17,-2,51.1,65.2,0.8,15,24,-9,53.5,64.3,0.67,6,6,0,63.2,75,0.87,5,13,-8,29.1,53.3,0.43,9,11,-2,44.6,60,0.77,10,11,-1,81.6,76.9,0.99,NA,NA,NA,NA,NA,NA,NA,NA,NA,NA,NA,NA,1
2/26/2020,Brehze,Evil Geniuses,Liquid,United States,9136,2339385,4901,IEM Katowice 2020,3,Overpass,Nuke,Inferno,57,14,61,29,0,71.1,-4,79.9,0,1.04,11,3,18,5,0,65.2,-7,60.8,-1,0.7,30,7,24,16,0,73.5,6,99.2,6,1.38,16,4,19,8,0,73.1,-3,71.6,-5,0.91,34,30,4,81.6,79.2,1.1,23,31,-8,77.5,60,0.97,8,10,-2,76.3,73.3,0.9,3,8,-5,31.9,50,0.34,17,10,7,93.7,83.3,1.41,13,14,-1,105.3,62.5,1.35,9,10,-1,72.5,80,0.93,7,9,-2,70.4,63.6,0.89,1
2/26/2020,CeRq,Evil Geniuses,Liquid,Bulgaria,11219,2339385,4901,IEM Katowice 2020,3,Overpass,Nuke,Inferno,54,10,54,18,4,65.1,0,71.7,2,0.98,11,2,17,4,2,60.9,-6,68.9,-1,0.75,26,6,19,8,1,76.5,7,80.1,3,1.24,17,2,18,6,1,53.8,-1,63.1,0,0.87,37,25,12,77.4,72.9,1.16,17,29,-12,63.9,54.3,0.73,9,9,0,72.3,73.3,0.88,2,8,-6,62.4,37.5,0.5,15,6,9,79.8,88.9,1.45,11,13,-2,80.5,62.5,1,13,10,3,79.5,53.3,1.12,4,8,-4,40.7,54.5,0.53,1
2/26/2020,Ethan,Evil Geniuses,Liquid,United States,10671,2339385,4901,IEM Katowice 2020,3,Overpass,Nuke,Inferno,43,5,54,18,2,65.1,-11,58.7,-4,0.83,11,1,15,6,1,65.2,-4,60.7,-2,0.73,22,3,21,8,1,70.6,1,67.9,-2,1,10,1,18,4,0,57.7,-8,45,0,0.69,33,23,10,74,75,1.11,10,31,-21,37.8,51.4,0.43,9,8,1,68.3,73.3,0.92,2,7,-5,46.5,50,0.38,15,6,9,84.3,83.3,1.4,7,15,-8,49.3,56.2,0.55,9,9,0,67.2,66.7,0.97,1,9,-8,14.8,45.5,0.31,1
2/26/2020,stanislaw,Evil Geniuses,Liquid,Canada,8507,2339385,4901,IEM Katowice 2020,3,Overpass,Nuke,Inferno,44,22,57,17,7,61.4,-13,69,2,0.88,10,1,17,6,0,43.5,-7,64.5,-4,0.65,20,11,23,9,2,70.6,-3,66.8,4,0.97,14,10,17,2,5,65.4,-3,76,2,0.98,26,29,-3,75.5,68.8,0.94,18,28,-10,60.3,51.4,0.79,6,10,-4,58.9,46.7,0.59,4,7,-3,75.1,37.5,0.76,13,10,3,89.8,83.3,1.28,7,13,-6,41,56.2,0.62,7,9,-2,74.9,73.3,0.91,7,8,-1,77.5,54.5,1.08,1
2/26/2020,tarik,Evil Geniuses,Liquid,United States,8523,2339385,4901,IEM Katowice 2020,3,Overpass,Nuke,Inferno,50,21,59,18,6,69.9,-9,69.2,-5,0.92,14,7,15,6,3,69.6,-1,63.4,-1,0.95,20,8,26,8,3,67.6,-6,68.7,-3,0.84,16,6,18,4,0,73.1,-2,75,-1,1,31,29,2,68.4,77.1,1.01,19,30,-11,70.3,60,0.79,9,8,1,51.1,73.3,0.95,5,7,-2,86.4,62.5,0.95,13,11,2,75.8,72.2,1.06,7,15,-8,60.7,62.5,0.59,9,10,-1,76.9,86.7,1.03,7,8,-1,72.5,54.5,0.96,1
2/25/2020,Brehze,Evil Geniuses,MAD Lions,United States,9136,2339381,4901,IEM Katowice 2020,3,Vertigo,Dust2,Nuke,72,12,43,39,0,77,29,96,7,1.48,34,2,10,22,0,78.3,24,138,5,2.22,19,6,21,9,0,70,-2,69.1,1,1,19,4,12,8,0,85.7,7,88.4,1,1.39,38,21,17,89,84.2,1.38,34,22,12,103.4,69.4,1.57,15,3,12,141.4,87.5,2.39,19,7,12,136.2,73.3,2.13,11,9,2,71.9,80,1.16,8,12,-4,66.3,60,0.83,12,9,3,78.1,86.7,1.11,7,3,4,114,83.3,2.1,0
2/25/2020,CeRq,Evil Geniuses,MAD Lions,Bulgaria,11219,2339381,4901,IEM Katowice 2020,3,Vertigo,Dust2,Nuke,46,14,43,16,3,71.6,3,76.3,0,1.11,11,5,13,2,3,78.3,-2,56.4,0,0.91,19,5,18,8,0,63.3,1,78.9,-2,1.09,16,4,12,6,0,76.2,4,94.3,2,1.35,29,24,5,90.6,73.7,1.17,17,19,-2,61.1,69.4,1.04,5,5,0,65.8,75,0.91,6,8,-2,51.4,80,0.92,10,9,1,85.7,73.3,1.09,9,9,0,72.1,53.3,1.09,14,10,4,108.8,73.3,1.4,2,2,0,58.2,83.3,1.23,0
2/25/2020,Ethan,Evil Geniuses,MAD Lions,United States,10671,2339381,4901,IEM Katowice 2020,3,Vertigo,Dust2,Nuke,62,16,33,29,5,77,29,81.9,-2,1.34,17,3,8,6,1,82.6,9,64.7,-1,1.23,17,11,18,10,4,63.3,-1,72.8,-2,0.94,28,2,7,13,0,90.5,21,113.7,1,2.06,35,16,19,90.7,86.8,1.44,27,17,10,72.5,66.7,1.23,7,2,5,84.6,87.5,1.49,10,6,4,54.1,80,1.08,11,9,2,85.3,80,1.13,6,9,-3,60.2,46.7,0.75,17,5,12,99.3,93.3,1.74,11,2,9,149.5,83.3,2.86,0
2/25/2020,stanislaw,Evil Geniuses,MAD Lions,Canada,8507,2339381,4901,IEM Katowice 2020,3,Vertigo,Dust2,Nuke,39,22,51,18,8,74.3,-12,62.3,-4,0.93,5,8,18,1,2,69.6,-13,47.4,-2,0.71,17,9,21,9,3,66.7,-4,69.8,-1,0.94,17,5,12,8,3,90.5,5,68,-1,1.2,19,25,-6,62.3,81.6,0.83,20,26,-6,62.4,66.7,1.05,1,6,-5,58.4,75,0.51,4,12,-8,41.5,66.7,0.81,7,11,-4,63.1,73.3,0.74,10,10,0,76.6,60,1.14,11,8,3,63.6,93.3,1.1,6,4,2,79,83.3,1.45,0
2/25/2020,tarik,Evil Geniuses,MAD Lions,United States,8523,2339381,4901,IEM Katowice 2020,3,Vertigo,Dust2,Nuke,46,15,48,18,8,70.3,-2,61.7,-3,0.91,19,7,15,7,6,78.3,4,81,-1,1.22,15,2,20,8,2,56.7,-5,37.3,-2,0.66,12,6,13,3,0,81,-1,75.5,0,0.98,22,25,-3,61.7,68.4,0.81,24,23,1,61.7,72.2,1.01,3,7,-4,55.6,62.5,0.59,16,8,8,94.5,86.7,1.56,9,9,0,47.5,66.7,0.75,6,11,-5,27.1,46.7,0.57,10,9,1,79.2,73.3,1,2,4,-2,66.2,100,0.95,0
2/26/2020,NiKo,FaZe,Vitality,Bosnia and Herzegovina,3741,2339391,4901,IEM Katowice 2020,3,Mirage,Nuke,Inferno,55,16,46,21,5,77.1,9,77.6,3,1.2,16,10,20,8,3,76.7,-4,74.5,-1,0.97,22,2,15,7,1,66.7,7,83.6,3,1.25,17,4,11,6,1,88.5,6,75,1,1.41,31,18,13,86.2,80.5,1.34,24,28,-4,69.2,73.8,1.05,8,9,-1,75.5,80,0.96,8,11,-3,73.4,73.3,0.99,14,7,7,97.3,73.3,1.51,8,8,0,66.6,58.3,0.93,9,2,7,85.5,90.9,1.66,8,9,-1,67.2,86.7,1.22,0
2/26/2020,broky,FaZe,Vitality,Latvia,18053,2339391,4901,IEM Katowice 2020,3,Mirage,Nuke,Inferno,66,20,46,16,10,78.3,20,78.3,3,1.25,25,7,17,7,2,80,8,84.5,2,1.31,24,4,15,7,3,77.8,9,74.8,1,1.28,17,9,14,2,5,76.9,3,74.7,0,1.16,28,23,5,75.3,82.9,1.16,38,23,15,81.1,73.8,1.35,10,9,1,80.6,80,1.19,15,8,7,88.3,80,1.43,13,9,4,69.6,86.7,1.19,11,6,5,81.3,66.7,1.4,5,5,0,76,81.8,1.07,12,9,3,73.7,73.3,1.23,0
2/26/2020,coldzera,FaZe,Vitality,Brazil,9216,2339391,4901,IEM Katowice 2020,3,Mirage,Nuke,Inferno,58,11,52,30,1,80.7,6,74.1,6,1.12,18,5,18,9,1,80,0,64.6,3,1,19,4,17,9,0,77.8,2,74.5,1,1.15,21,2,17,12,0,84.6,4,84.7,2,1.21,31,22,9,75.1,90.2,1.21,27,30,-3,73.2,71.4,1.03,9,10,-1,59.9,86.7,0.93,9,8,1,69.3,73.3,1.07,11,9,2,76.3,86.7,1.14,8,8,0,72.2,66.7,1.18,11,3,8,94.2,100,1.7,10,14,-4,77.7,73.3,0.85,0
2/26/2020,olofmeister,FaZe,Vitality,Sweden,885,2339391,4901,IEM Katowice 2020,3,Mirage,Nuke,Inferno,53,10,51,22,2,73.5,2,71.6,-6,1.03,20,2,20,9,0,60,0,65.7,-2,0.84,14,4,18,6,0,81.5,-4,75.7,-4,0.98,19,4,13,7,2,80.8,6,74.2,0,1.32,27,21,6,72.5,78,1.08,26,30,-4,70.8,69,0.98,12,10,2,82.3,60,0.97,8,10,-2,49.2,60,0.71,8,8,0,81.1,86.7,1.08,6,10,-4,69,75,0.85,7,3,4,47.4,90.9,1.25,12,10,2,93.9,73.3,1.37,0
2/26/2020,rain,FaZe,Vitality,Norway,8183,2339391,4901,IEM Katowice 2020,3,Mirage,Nuke,Inferno,51,21,59,25,1,71.1,-8,76.3,0,1.06,18,5,23,13,1,63.3,-5,68.6,0,0.94,19,8,20,10,0,74.1,-1,86.5,-2,1.1,14,8,16,2,0,76.9,-2,74.5,2,1.17,27,26,1,76.9,73.2,1.01,24,33,-9,75.7,69,1.11,9,12,-3,51.4,60,0.6,9,11,-2,85.8,66.7,1.27,12,9,3,101.6,73.3,1.22,7,11,-4,67.6,75,0.96,6,5,1,77.8,90.9,1.32,8,11,-3,72.1,66.7,1.06,0
2/25/2020,NiKo,FaZe,Renegades,Bosnia and Herzegovina,3741,2339387,4901,IEM Katowice 2020,3,Inferno,Mirage,,39,5,36,15,3,74.1,3,75.8,0,1.14,21,5,19,7,3,71.4,2,81.2,1,1.13,18,0,17,8,0,76.9,1,69.9,-1,1.16,NA,NA,NA,NA,NA,NA,NA,NA,NA,NA,20,18,2,87.3,73.1,1.13,19,18,1,65.1,75,1.15,12,10,2,96.7,80,1.28,9,9,0,63.5,61.5,0.97,8,8,0,74.5,63.6,0.94,10,9,1,66.5,86.7,1.32,NA,NA,NA,NA,NA,NA,NA,NA,NA,NA,NA,NA,0
2/25/2020,broky,FaZe,Renegades,Latvia,18053,2339387,4901,IEM Katowice 2020,3,Inferno,Mirage,,43,22,28,16,14,77.8,15,82.5,1,1.31,21,10,17,11,4,71.4,4,85.8,0,1.26,22,12,11,5,10,84.6,11,79.1,1,1.38,NA,NA,NA,NA,NA,NA,NA,NA,NA,NA,23,13,10,87.2,88.5,1.38,20,15,5,78.2,67.9,1.24,16,8,8,108.5,86.7,1.63,5,9,-4,59.5,53.8,0.83,7,5,2,58.2,90.9,1.05,15,6,9,94.4,80,1.63,NA,NA,NA,NA,NA,NA,NA,NA,NA,NA,NA,NA,0
2/25/2020,coldzera,FaZe,Renegades,Brazil,9216,2339387,4901,IEM Katowice 2020,3,Inferno,Mirage,,34,5,31,20,2,72.2,3,59.7,1,1.02,26,4,15,16,1,85.7,11,76.7,1,1.4,8,1,16,4,1,57.7,-8,41.3,0,0.64,NA,NA,NA,NA,NA,NA,NA,NA,NA,NA,12,12,0,41.5,73.1,0.8,22,19,3,76.5,71.4,1.22,8,7,1,40,80,0.88,18,8,10,119.1,92.3,2.01,4,5,-1,43.5,63.6,0.71,4,11,-7,39.7,53.3,0.6,NA,NA,NA,NA,NA,NA,NA,NA,NA,NA,NA,NA,0
2/25/2020,olofmeister,FaZe,Renegades,Sweden,885,2339387,4901,IEM Katowice 2020,3,Inferno,Mirage,,39,11,27,17,7,70.4,12,77.4,0,1.2,21,7,12,8,5,71.4,9,75.6,-1,1.24,18,4,15,9,2,69.2,3,79.3,1,1.17,NA,NA,NA,NA,NA,NA,NA,NA,NA,NA,18,11,7,78.4,73.1,1.2,21,16,5,76.4,67.9,1.2,13,5,8,88.1,80,1.47,8,7,1,61.2,61.5,0.97,5,6,-1,65.3,63.6,0.86,13,9,4,89.6,73.3,1.4,NA,NA,NA,NA,NA,NA,NA,NA,NA,NA,NA,NA,0
2/25/2020,rain,FaZe,Renegades,Norway,8183,2339387,4901,IEM Katowice 2020,3,Inferno,Mirage,,43,9,35,29,2,79.6,8,89.7,2,1.32,14,4,19,10,0,75,-5,63.8,-3,0.89,29,5,16,19,2,84.6,13,117.6,5,1.81,NA,NA,NA,NA,NA,NA,NA,NA,NA,NA,19,16,3,85.2,76.9,1.14,24,19,5,93.9,82.1,1.49,9,8,1,75.2,73.3,1.04,5,11,-6,50.5,76.9,0.73,10,8,2,98.7,81.8,1.29,19,8,11,131.4,86.7,2.19,NA,NA,NA,NA,NA,NA,NA,NA,NA,NA,NA,NA,0
2/24/2020,NiKo,FaZe,Natus Vincere,Bosnia and Herzegovina,3741,2339375,4901,IEM Katowice 2020,3,Nuke,Dust2,Overpass,67,16,56,30,7,67.9,11,91.2,-2,1.17,22,8,20,11,2,80,2,91.6,-1,1.24,29,5,17,14,2,76.7,12,107.8,0,1.44,16,3,19,5,3,46.2,-3,71.6,-1,0.83,36,22,14,97.2,75,1.3,31,34,-3,85.3,61,1.04,10,7,3,99.7,80,1.29,12,13,-1,86.3,80,1.2,13,7,6,97.9,86.7,1.35,16,10,6,117.7,66.7,1.53,13,8,5,94.9,60,1.26,3,11,-8,39.8,27.3,0.25,1
2/24/2020,broky,FaZe,Natus Vincere,Latvia,18053,2339375,4901,IEM Katowice 2020,3,Nuke,Dust2,Overpass,46,18,52,12,10,66.7,-6,62.9,2,0.93,20,8,14,6,3,88,6,83,1,1.36,15,4,20,2,4,66.7,-5,52.2,0,0.85,11,6,18,4,3,46.2,-7,55.9,1,0.68,27,22,5,71.7,80,1.11,19,30,-11,54.3,53.7,0.75,11,4,7,97.7,100,1.89,9,10,-1,73.1,80,1,7,10,-3,50.7,73.3,0.77,8,10,-2,53.7,60,0.93,9,8,1,75.3,73.3,0.97,2,10,-8,29.5,9.1,0.29,1
2/24/2020,coldzera,FaZe,Natus Vincere,Brazil,9216,2339375,4901,IEM Katowice 2020,3,Nuke,Dust2,Overpass,55,13,53,34,4,72.8,2,76.8,7,1.11,22,6,13,16,2,80,9,90,3,1.45,22,4,19,12,1,83.3,3,85.3,7,1.31,11,3,21,6,1,53.8,-10,54.2,-3,0.6,32,22,10,85.6,85,1.33,23,31,-8,68.1,61,0.9,11,4,7,105.4,90,1.7,11,9,2,79.7,73.3,1.29,12,8,4,88.7,93.3,1.52,10,11,-1,81.9,73.3,1.09,9,10,-1,69.3,73.3,0.92,2,11,-9,33.5,27.3,0.16,1
2/24/2020,olofmeister,FaZe,Natus Vincere,Sweden,885,2339375,4901,IEM Katowice 2020,3,Nuke,Dust2,Overpass,51,9,50,24,3,70.4,1,59.1,6,1,21,2,14,10,0,84,7,75,2,1.34,18,2,18,12,1,70,0,53.1,4,0.98,12,5,18,2,2,57.7,-6,50.6,0,0.73,26,19,7,63,80,1.1,25,31,-6,55.2,61,0.9,5,3,2,56.1,90,1.16,16,11,5,87.6,80,1.46,11,8,3,60.8,80,1.08,7,10,-3,45.5,60,0.88,10,8,2,69.8,73.3,1.09,2,10,-8,24.4,36.4,0.24,1
2/24/2020,rain,FaZe,Natus Vincere,Norway,8183,2339375,4901,IEM Katowice 2020,3,Nuke,Dust2,Overpass,46,10,56,31,1,67.9,-10,73.3,-8,0.95,11,5,19,7,0,68,-8,67,-4,0.83,15,3,19,12,1,70,-4,63.9,-3,0.92,20,2,18,12,0,65.4,2,90.2,-1,1.13,29,24,5,81,77.5,1.15,17,32,-15,65.8,58.5,0.75,5,8,-3,80.6,70,0.9,6,11,-5,57.9,66.7,0.78,10,8,2,79.7,86.7,1.21,5,11,-6,48.1,53.3,0.63,14,8,6,82.6,73.3,1.28,6,10,-4,100.6,54.5,0.92,1
2/25/2020,Brollan,fnatic,Natus Vincere,Sweden,13666,2339383,4901,IEM Katowice 2020,3,Dust2,Inferno,Mirage,55,17,48,33,8,66.7,7,68.8,-4,1.04,17,3,11,10,1,82.6,6,64.7,-1,1.26,15,6,20,8,2,56.7,-5,60.4,-2,0.73,23,8,17,15,5,64.3,6,81.1,-1,1.22,35,22,13,76.2,81.4,1.21,20,26,-6,60.4,50,0.85,13,6,7,72.5,93.3,1.42,4,5,-1,50,62.5,0.95,8,11,-3,58.5,60,0.69,7,9,-2,62.3,53.3,0.78,14,5,9,100.8,92.3,1.62,9,12,-3,64.1,40,0.88,0
2/25/2020,Golden,fnatic,Natus Vincere,Sweden,11110,2339383,4901,IEM Katowice 2020,3,Dust2,Inferno,Mirage,45,12,51,27,2,71.6,-6,66.2,2,0.99,19,6,12,11,1,82.6,7,89.5,0,1.41,16,2,21,10,1,70,-5,66.4,2,0.96,10,4,18,6,0,64.3,-8,46.8,0,0.71,30,24,6,72.1,83.7,1.15,15,27,-12,59.6,57.9,0.81,15,8,7,98.2,86.7,1.61,4,4,0,73.2,75,1.05,7,10,-3,61.5,80,0.88,9,11,-2,71.3,60,1.04,8,6,2,54.2,84.6,0.96,2,12,-10,40.5,46.7,0.49,0
2/25/2020,JW,fnatic,Natus Vincere,Sweden,3849,2339383,4901,IEM Katowice 2020,3,Dust2,Inferno,Mirage,51,17,55,20,4,64.2,-4,72.8,-2,1,8,6,14,3,1,69.6,-6,49.4,0,0.82,26,5,23,11,0,63.3,3,87.3,-4,1.16,17,6,18,6,3,60.7,-1,76.5,2,1.03,32,29,3,89.9,67.4,1.12,19,26,-7,53.5,60.5,0.87,6,9,-3,66.5,60,0.78,2,5,-3,17.4,87.5,0.89,17,12,5,118.7,66.7,1.39,9,11,-2,55.8,60,0.93,9,8,1,83.5,76.9,1.24,8,10,-2,70.5,46.7,0.84,0
2/25/2020,KRIMZ,fnatic,Natus Vincere,Sweden,7528,2339383,4901,IEM Katowice 2020,3,Dust2,Inferno,Mirage,69,17,44,30,8,72.8,25,84.5,8,1.33,31,6,10,15,4,91.3,21,130.9,6,2.16,17,5,17,7,3,63.3,0,60.6,1,0.86,21,6,17,8,1,67.9,4,71.9,1,1.2,44,22,22,94,81.4,1.5,25,22,3,73.7,63.2,1.13,21,7,14,131,93.3,2.14,10,3,7,130.8,87.5,2.2,10,9,1,61.8,66.7,0.88,7,8,-1,59.5,60,0.84,13,6,7,88.5,84.6,1.56,8,11,-3,57.6,53.3,0.89,0
2/25/2020,flusha,fnatic,Natus Vincere,Sweden,3055,2339383,4901,IEM Katowice 2020,3,Dust2,Inferno,Mirage,52,25,49,20,6,77.8,3,85.2,0,1.12,15,4,12,7,1,78.3,3,78,-2,1.09,17,11,17,4,2,86.7,0,84.2,1,1.15,20,10,20,9,3,67.9,0,92.3,1,1.14,32,24,8,98.4,86,1.3,20,25,-5,70.3,68.4,0.92,8,7,1,68.3,80,0.97,7,5,2,96.1,75,1.31,11,9,2,98.1,86.7,1.27,6,8,-2,70.3,86.7,1.04,13,8,5,133.5,92.3,1.75,7,12,-5,56.6,46.7,0.62,0
2/24/2020,Brollan,fnatic,Renegades,Sweden,13666,2339376,4901,IEM Katowice 2020,3,Dust2,Inferno,,45,4,26,21,1,74,19,90.4,2,1.44,18,2,7,9,0,90,11,83.3,0,1.56,27,2,19,12,1,63.3,8,95.2,2,1.36,NA,NA,NA,NA,NA,NA,NA,NA,NA,NA,35,11,24,108.2,96.7,1.82,10,15,-5,63.8,40,0.87,15,4,11,93.8,100,1.69,3,3,0,52,60,1.19,20,7,13,122.7,93.3,1.95,7,12,-5,67.7,33.3,0.76,NA,NA,NA,NA,NA,NA,NA,NA,NA,NA,NA,NA,0
2/24/2020,Golden,fnatic,Renegades,Sweden,11110,2339376,4901,IEM Katowice 2020,3,Dust2,Inferno,,29,10,29,17,3,70,0,62.9,2,0.99,14,4,10,7,1,70,4,66.7,2,1.16,15,6,19,10,2,70,-4,60.4,0,0.88,NA,NA,NA,NA,NA,NA,NA,NA,NA,NA,20,15,5,67.2,76.7,1.13,9,14,-5,56.5,60,0.79,12,7,5,71.4,66.7,1.27,2,3,-1,52.6,80,0.83,8,8,0,63,86.7,1,7,11,-4,57.7,53.3,0.77,NA,NA,NA,NA,NA,NA,NA,NA,NA,NA,NA,NA,0
2/24/2020,JW,fnatic,Renegades,Sweden,3849,2339376,4901,IEM Katowice 2020,3,Dust2,Inferno,,44,15,23,17,8,74,21,86,0,1.39,21,4,9,6,2,80,12,109.8,3,1.69,23,11,14,11,6,70,9,70.1,-3,1.21,NA,NA,NA,NA,NA,NA,NA,NA,NA,NA,35,12,23,108,80,1.77,9,11,-2,53,65,0.83,18,7,11,112.9,80,1.8,3,2,1,100.8,80,1.35,17,5,12,103.1,80,1.73,6,9,-3,37.1,60,0.68,NA,NA,NA,NA,NA,NA,NA,NA,NA,NA,NA,NA,0
2/24/2020,KRIMZ,fnatic,Renegades,Sweden,7528,2339376,4901,IEM Katowice 2020,3,Dust2,Inferno,,25,13,29,13,3,70,-4,59,-1,0.92,11,7,10,4,2,80,1,70.9,-1,1.07,14,6,19,9,1,63.3,-5,51.1,0,0.82,NA,NA,NA,NA,NA,NA,NA,NA,NA,NA,21,16,5,78.7,86.7,1.2,4,13,-9,29.6,45,0.5,10,7,3,86.2,86.7,1.24,1,3,-2,25,60,0.56,11,9,2,71.2,86.7,1.16,3,10,-7,31.1,40,0.47,NA,NA,NA,NA,NA,NA,NA,NA,NA,NA,NA,NA,0
2/24/2020,flusha,fnatic,Renegades,Sweden,3055,2339376,4901,IEM Katowice 2020,3,Dust2,Inferno,,38,13,32,18,1,74,6,84.8,-1,1.16,20,5,9,9,0,85,11,103.1,0,1.55,18,8,23,9,1,66.7,-5,72.5,-1,0.91,NA,NA,NA,NA,NA,NA,NA,NA,NA,NA,26,15,11,97.8,83.3,1.4,12,17,-5,65.2,60,0.79,15,5,10,103.7,93.3,1.62,5,4,1,101.4,60,1.32,11,10,1,91.9,73.3,1.19,7,13,-6,53.1,60,0.62,NA,NA,NA,NA,NA,NA,NA,NA,NA,NA,NA,NA,0
2/26/2020,AmaNEk,G2,mousesports,France,9616,2339384,4901,IEM Katowice 2020,3,Dust2,Inferno,Nuke,54,16,45,25,3,73,9,82.8,-1,1.16,19,7,19,8,3,69,0,79.9,-1,1.06,17,5,13,9,0,81.8,4,86.3,0,1.28,18,4,13,8,0,69.6,5,83.1,0,1.22,27,24,3,81.4,64.9,1.01,27,21,6,84.2,81.1,1.31,7,11,-4,59.9,42.9,0.54,12,8,4,98.6,93.3,1.54,12,10,2,85.4,73.3,1.15,5,3,2,88.1,100,1.55,8,3,5,111.4,87.5,1.65,10,10,0,68.1,60,1,0
2/26/2020,JaCkz,G2,mousesports,France,284,2339384,4901,IEM Katowice 2020,3,Dust2,Inferno,Nuke,38,17,45,22,4,79.7,-7,63.6,2,1.04,14,8,19,6,3,79.3,-5,61.3,1,1.06,10,8,14,7,1,86.4,-4,66.4,3,1.07,14,1,12,9,0,73.9,2,63.9,-2,1.08,17,23,-6,59.8,75.7,0.85,21,22,-1,67.4,83.8,1.24,2,12,-10,36.9,57.1,0.33,12,7,5,84.1,100,1.74,6,8,-2,52.5,80,0.92,4,6,-2,96.3,100,1.41,9,3,6,113.9,100,1.8,5,9,-4,37.3,60,0.69,0
2/26/2020,huNter-,G2,mousesports,Serbia,3972,2339384,4901,IEM Katowice 2020,3,Dust2,Inferno,Nuke,62,9,51,39,0,74.3,11,89,2,1.21,19,3,24,9,0,65.5,-5,79.4,0,0.98,21,2,13,15,0,77.3,8,94.1,2,1.37,22,4,14,15,0,82.6,8,96.2,0,1.37,29,30,-1,84.3,64.9,0.98,33,21,12,93.7,83.8,1.44,6,14,-8,57.7,50,0.44,13,10,3,99.7,80,1.49,14,10,4,96.1,66.7,1.24,7,3,4,89.9,100,1.65,9,6,3,108.6,87.5,1.52,13,8,5,89.5,80,1.29,0
2/26/2020,kennyS,G2,mousesports,France,7167,2339384,4901,IEM Katowice 2020,3,Dust2,Inferno,Nuke,64,16,36,22,5,79.7,28,90.8,6,1.46,19,4,16,7,1,69,3,68.7,-1,1.07,22,4,8,7,4,81.8,14,92.1,3,1.64,23,8,12,8,0,91.3,11,117.2,4,1.83,30,17,13,82.8,81.1,1.31,34,19,15,98.7,78.4,1.61,8,9,-1,58.9,57.1,0.72,11,7,4,77.9,80,1.39,17,5,12,106,93.3,1.89,5,3,2,62.4,57.1,1.08,5,3,2,81.2,100,1.33,18,9,9,136.4,86.7,2.1,0
2/26/2020,nexa,G2,mousesports,Serbia,9618,2339384,4901,IEM Katowice 2020,3,Dust2,Inferno,Nuke,54,14,43,29,7,79.7,11,70.5,7,1.19,19,7,19,10,6,72.4,0,66.3,2,1,16,6,13,8,1,86.4,3,81.1,4,1.22,19,1,11,11,0,82.6,8,65.5,1,1.4,30,27,3,87.4,81.1,1.08,24,16,8,53.6,78.4,1.29,12,13,-1,92.1,71.4,0.94,7,6,1,42.3,73.3,1.06,10,11,-1,89.9,86.7,1.06,6,2,4,62.1,85.7,1.55,8,3,5,74.2,87.5,1.37,11,8,3,60.9,80,1.41,0
2/24/2020,AmaNEk,G2,100 Thieves,France,9616,2339378,4901,IEM Katowice 2020,3,Mirage,Dust2,,40,9,15,17,2,91.9,25,107.2,3,1.74,24,4,10,10,1,89.5,14,119.8,3,1.88,16,5,5,7,1,94.4,11,93.9,0,1.64,NA,NA,NA,NA,NA,NA,NA,NA,NA,NA,31,12,19,100.2,90,1.64,9,3,6,137,100,2.18,21,8,13,126.3,86.7,1.98,3,2,1,95.2,100,1.51,10,4,6,74.1,93.3,1.34,6,1,5,192.7,100,3.13,NA,NA,NA,NA,NA,NA,NA,NA,NA,NA,NA,NA,0
2/24/2020,JaCkz,G2,100 Thieves,France,284,2339378,4901,IEM Katowice 2020,3,Mirage,Dust2,,27,10,18,17,3,86.5,9,79.7,6,1.39,15,3,10,6,0,78.9,5,80.7,1,1.36,12,7,8,11,3,94.4,4,78.6,5,1.42,NA,NA,NA,NA,NA,NA,NA,NA,NA,NA,18,15,3,64.3,86.7,1.18,9,3,6,145.7,85.7,2.27,9,8,1,63.3,80,1.13,6,2,4,146,75,2.2,9,7,2,65.2,93.3,1.23,3,1,2,145.3,100,2.37,NA,NA,NA,NA,NA,NA,NA,NA,NA,NA,NA,NA,0
2/24/2020,huNter-,G2,100 Thieves,Serbia,3972,2339378,4901,IEM Katowice 2020,3,Mirage,Dust2,,41,7,19,20,0,91.9,22,112.1,4,1.77,19,4,8,10,0,89.5,11,101.8,1,1.64,22,3,11,10,0,94.4,11,122.9,3,1.95,NA,NA,NA,NA,NA,NA,NA,NA,NA,NA,35,15,20,122,93.3,1.85,6,4,2,69.6,85.7,1.42,14,6,8,99.5,93.3,1.62,5,2,3,110.2,75,1.69,21,9,12,144.5,93.3,2.1,1,2,-1,15.3,100,1.18,NA,NA,NA,NA,NA,NA,NA,NA,NA,NA,NA,NA,0
2/24/2020,kennyS,G2,100 Thieves,France,7167,2339378,4901,IEM Katowice 2020,3,Mirage,Dust2,,29,8,19,9,4,67.6,10,72.7,-2,1.15,14,3,11,3,2,63.2,3,72.6,-1,1.04,15,5,8,6,2,72.2,7,72.8,-1,1.27,NA,NA,NA,NA,NA,NA,NA,NA,NA,NA,25,16,9,76.8,66.7,1.13,4,3,1,55.3,71.4,1.22,11,8,3,70.9,66.7,0.98,3,3,0,79,50,1.27,14,8,6,82.6,66.7,1.29,1,0,1,23.7,100,1.17,NA,NA,NA,NA,NA,NA,NA,NA,NA,NA,NA,NA,0
2/24/2020,nexa,G2,100 Thieves,Serbia,9618,2339378,4901,IEM Katowice 2020,3,Mirage,Dust2,,34,13,16,18,2,97.3,18,95.1,4,1.62,13,5,7,7,0,94.7,6,76.6,1,1.36,21,8,9,11,2,100,12,114.6,3,1.92,NA,NA,NA,NA,NA,NA,NA,NA,NA,NA,29,14,15,102.4,96.7,1.62,5,2,3,63.9,100,1.64,10,5,5,78.5,93.3,1.33,3,2,1,69.5,100,1.46,19,9,10,126.3,100,1.93,2,0,2,56.3,100,1.87,NA,NA,NA,NA,NA,NA,NA,NA,NA,NA,NA,NA,0
2/26/2020,EliGE,Liquid,Evil Geniuses,United States,8738,2339385,4901,IEM Katowice 2020,3,Overpass,Nuke,Inferno,55,10,51,28,1,67.5,4,77.9,1,1.08,15,3,12,9,0,69.6,3,77,3,1.32,24,3,24,14,0,64.7,0,72.9,-1,0.97,16,4,15,5,1,69.2,1,85.2,-1,1.04,31,17,14,96.6,71.4,1.39,24,34,-10,64.2,64.6,0.86,11,2,9,135.2,75,2.17,4,10,-6,45.9,66.7,0.87,13,9,4,87.6,75,1.26,11,15,-4,59.7,55.6,0.71,7,6,1,81.5,63.6,1.03,9,9,0,87.9,73.3,1.05,0
2/26/2020,NAF,Liquid,Evil Geniuses,Canada,8520,2339385,4901,IEM Katowice 2020,3,Overpass,Nuke,Inferno,52,22,46,23,9,77.1,6,75.9,-1,1.08,10,5,12,3,3,65.2,-2,51.5,0,0.83,29,6,21,16,0,82.4,8,101.9,0,1.35,13,11,13,4,6,80.8,0,63.3,-1,0.98,28,17,11,96.3,85.7,1.36,24,29,-5,61,70.8,0.87,4,3,1,64.8,62.5,0.98,6,9,-3,44.4,66.7,0.75,19,8,11,128.1,100,1.88,10,13,-3,78.7,66.7,0.89,5,6,-1,72.9,81.8,0.96,8,7,1,56.3,80,0.99,0
2/26/2020,Stewie2K,Liquid,Evil Geniuses,United States,8797,2339385,4901,IEM Katowice 2020,3,Overpass,Nuke,Inferno,56,8,54,31,3,73.5,2,67.2,1,1.08,18,3,11,11,1,82.6,7,76.2,3,1.4,21,2,25,12,0,67.6,-4,60.1,-1,0.92,17,3,18,8,2,73.1,-1,68.4,-1,1.01,29,18,11,73.2,88.6,1.23,27,36,-9,62.8,62.5,0.97,8,3,5,83.4,100,1.51,10,8,2,72.4,73.3,1.34,13,9,4,73.8,87.5,1.19,8,16,-8,48.1,50,0.69,8,6,2,65.1,81.8,1.09,9,12,-3,70.8,66.7,0.95,0
2/26/2020,Twistzz,Liquid,Evil Geniuses,Canada,10394,2339385,4901,IEM Katowice 2020,3,Overpass,Nuke,Inferno,72,14,45,45,3,77.1,27,93.3,0,1.36,24,4,10,16,3,87,14,106.4,1,1.58,24,5,24,17,0,67.6,0,83.2,-2,1.08,24,5,11,12,0,80.8,13,95,1,1.55,37,16,21,110.3,88.6,1.62,35,29,6,81,68.8,1.17,10,3,7,124,100,1.84,14,7,7,97,80,1.44,14,10,4,101.5,81.2,1.37,10,14,-4,66.9,55.6,0.82,13,3,10,113,90.9,1.84,11,8,3,81.9,73.3,1.33,0
2/26/2020,nitr0,Liquid,Evil Geniuses,United States,7687,2339385,4901,IEM Katowice 2020,3,Overpass,Nuke,Inferno,50,15,52,17,6,73.5,-2,64.6,4,1.06,15,4,12,7,3,78.3,3,69,2,1.23,15,6,24,4,1,67.6,-9,53,-4,0.82,20,5,16,6,2,76.9,4,75.7,6,1.26,24,19,5,74.7,77.1,1.11,26,33,-7,57.2,70.8,1.03,4,5,-1,60.5,75,0.9,11,7,4,73.6,80,1.41,11,9,2,70.3,81.2,1.11,4,15,-11,37.7,55.6,0.56,9,5,4,91.4,72.7,1.27,11,11,0,64.1,80,1.25,0
2/25/2020,EliGE,Liquid,Virtus.pro,United States,8738,2339380,4901,IEM Katowice 2020,3,Vertigo,Mirage,,45,16,41,26,1,68.3,4,94.9,-3,1.23,23,4,23,14,1,68.6,0,71.5,-4,1.03,22,12,18,12,0,68,4,127.5,1,1.55,NA,NA,NA,NA,NA,NA,NA,NA,NA,NA,17,18,-1,92.6,70.4,1.08,28,23,5,96.7,66.7,1.36,10,10,0,65.2,64.7,0.92,13,13,0,77.6,72.2,1.13,7,8,-1,139.3,80,1.41,15,10,5,119.7,60,1.63,NA,NA,NA,NA,NA,NA,NA,NA,NA,NA,NA,NA,0
2/25/2020,NAF,Liquid,Virtus.pro,Canada,8520,2339380,4901,IEM Katowice 2020,3,Vertigo,Mirage,,41,8,34,13,1,71.7,7,71.3,3,1.12,25,6,23,8,0,65.7,2,79,2,1.13,16,2,11,5,1,80,5,60.5,1,1.11,NA,NA,NA,NA,NA,NA,NA,NA,NA,NA,24,14,10,86.1,85.2,1.37,17,20,-3,59.2,60.6,0.91,15,10,5,91.8,88.2,1.42,10,13,-3,67,44.4,0.86,9,4,5,76.6,80,1.29,7,7,0,49.8,80,0.99,NA,NA,NA,NA,NA,NA,NA,NA,NA,NA,NA,NA,0
2/25/2020,Stewie2K,Liquid,Virtus.pro,United States,8797,2339380,4901,IEM Katowice 2020,3,Vertigo,Mirage,,37,5,38,15,3,71.7,-1,60.9,4,1.04,20,2,21,10,1,68.6,-1,60,-1,0.96,17,3,17,5,2,76,0,62.2,5,1.19,NA,NA,NA,NA,NA,NA,NA,NA,NA,NA,20,14,6,75.1,74.1,1.2,17,24,-7,49.4,69.7,0.92,9,8,1,55.6,64.7,0.92,11,13,-2,64.1,72.2,1.01,11,6,5,108.1,90,1.74,6,11,-5,31.7,66.7,0.82,NA,NA,NA,NA,NA,NA,NA,NA,NA,NA,NA,NA,0
2/25/2020,Twistzz,Liquid,Virtus.pro,Canada,10394,2339380,4901,IEM Katowice 2020,3,Vertigo,Mirage,,48,14,38,34,7,73.3,10,82.5,-2,1.21,24,8,24,15,3,71.4,0,75.1,-1,1.07,24,6,14,19,4,76,10,92.8,-1,1.41,NA,NA,NA,NA,NA,NA,NA,NA,NA,NA,22,17,5,87.1,77.8,1.21,26,21,5,78.7,69.7,1.2,11,11,0,72.7,70.6,0.97,13,13,0,77.4,72.2,1.16,11,6,5,111.7,90,1.64,13,8,5,80.2,66.7,1.26,NA,NA,NA,NA,NA,NA,NA,NA,NA,NA,NA,NA,0
2/25/2020,nitr0,Liquid,Virtus.pro,United States,7687,2339380,4901,IEM Katowice 2020,3,Vertigo,Mirage,,37,15,34,17,8,75,3,64.9,-2,1,28,8,21,13,5,74.3,7,81.2,-1,1.16,9,7,13,4,3,76,-4,42.2,-1,0.82,NA,NA,NA,NA,NA,NA,NA,NA,NA,NA,22,13,9,81.6,81.5,1.17,15,21,-6,51.3,69.7,0.87,18,8,10,106.5,82.4,1.44,10,13,-3,57.3,66.7,0.89,4,5,-1,39.3,80,0.76,5,8,-3,44.1,73.3,0.86,NA,NA,NA,NA,NA,NA,NA,NA,NA,NA,NA,NA,0
2/26/2020,Bubzkji,MAD Lions,Virtus.pro,Denmark,9612,2339389,4901,IEM Katowice 2020,3,Overpass,Vertigo,Dust2,53,16,52,29,3,70.7,1,76.2,-1,1.06,19,4,18,7,2,73.3,1,76.7,3,1.07,19,5,14,12,0,65.2,5,86.7,-1,1.24,15,7,20,10,1,72.4,-5,67.4,-3,0.9,22,27,-5,72.3,68.4,0.84,31,25,6,79.6,72.7,1.25,9,8,1,72.5,66.7,0.96,10,10,0,80.9,80,1.19,5,6,-1,88,62.5,0.93,14,8,6,86,66.7,1.4,8,13,-5,63.7,73.3,0.67,7,7,0,71.4,71.4,1.15,0
2/26/2020,HUNDEN,MAD Lions,Virtus.pro,Denmark,7415,2339389,4901,IEM Katowice 2020,3,Overpass,Vertigo,Dust2,43,18,57,21,10,70.7,-14,60.8,-9,0.86,20,7,18,12,3,73.3,2,71.5,-3,1.08,9,2,19,3,2,60.9,-10,45.6,-2,0.56,14,9,20,6,5,75.9,-6,61.8,-4,0.89,21,31,-10,69.2,57.9,0.69,22,26,-4,53.6,81.8,1,9,11,-2,73.2,73.3,0.89,11,7,4,69.9,73.3,1.28,2,8,-6,49.5,25,0.17,7,11,-4,43.5,80,0.76,10,12,-2,75.6,60,0.8,4,8,-4,47.1,92.9,0.98,0
2/26/2020,acoR,MAD Lions,Virtus.pro,Denmark,10330,2339389,4901,IEM Katowice 2020,3,Overpass,Vertigo,Dust2,49,18,47,13,13,69.5,2,60,3,1.01,19,5,14,9,4,76.7,5,63.9,4,1.21,15,5,16,2,3,60.9,-1,62.9,0,0.9,15,8,17,2,6,69,-2,53.7,-1,0.91,19,25,-6,47.6,57.9,0.69,30,22,8,70.7,79.5,1.29,8,7,1,43.4,60,0.87,11,7,4,84.4,93.3,1.56,4,7,-3,51,50,0.61,11,9,2,69.2,66.7,1.06,7,11,-4,50.1,60,0.56,8,6,2,57.5,78.6,1.28,0
2/26/2020,roeJ,MAD Lions,Virtus.pro,Denmark,14419,2339389,4901,IEM Katowice 2020,3,Overpass,Vertigo,Dust2,45,21,60,26,6,68.3,-15,71.2,0,0.93,21,0,20,11,0,70,1,64.2,0,1,6,9,20,4,2,56.5,-14,66.3,2,0.67,18,12,20,11,4,75.9,-2,82.2,-2,1.1,21,31,-10,74.7,63.2,0.74,24,29,-5,68.1,72.7,1.09,14,10,4,88.3,73.3,1.14,7,10,-3,40.2,66.7,0.85,1,7,-6,58.1,50,0.41,5,13,-8,70.7,60,0.81,6,14,-8,70,60,0.55,12,6,6,95.2,92.9,1.7,0
2/26/2020,sjuush,MAD Lions,Virtus.pro,Denmark,14148,2339389,4901,IEM Katowice 2020,3,Overpass,Vertigo,Dust2,69,17,53,31,3,75.6,16,89.2,1,1.29,25,8,20,12,0,80,5,99.9,-2,1.32,13,5,17,8,1,65.2,-4,64.9,0,0.99,31,4,16,11,2,79.3,15,97.4,3,1.53,25,27,-2,80.8,76.3,0.94,44,26,18,96.5,75,1.59,10,12,-2,91.3,86.7,1.01,15,8,7,108.5,73.3,1.63,4,5,-1,44,75,0.72,9,12,-3,76.1,60,1.13,11,10,1,89.9,66.7,1.01,20,6,14,105.6,92.9,2.09,0
2/25/2020,Bubzkji,MAD Lions,Evil Geniuses,Denmark,9612,2339381,4901,IEM Katowice 2020,3,Vertigo,Dust2,Nuke,42,8,54,24,5,60.8,-12,63.6,-2,0.81,12,4,18,8,3,65.2,-6,67,0,0.8,16,2,18,7,2,60,-2,54.7,-2,0.8,14,2,18,9,0,57.1,-4,72.7,0,0.86,19,26,-7,57.1,58.3,0.69,23,28,-5,69.8,63.2,0.93,7,12,-5,59.8,60,0.7,5,6,-1,80.5,75,0.98,7,8,-1,48.1,53.3,0.69,9,10,-1,61.3,66.7,0.91,5,6,-1,73,66.7,0.7,9,12,-3,72.6,53.3,0.92,1
2/25/2020,HUNDEN,MAD Lions,Evil Geniuses,Denmark,7415,2339381,4901,IEM Katowice 2020,3,Vertigo,Dust2,Nuke,34,14,56,17,6,58.1,-22,54.5,1,0.75,12,6,20,5,3,60.9,-8,59.3,3,0.73,17,4,18,10,2,66.7,-1,61.2,0,0.95,5,4,18,2,1,42.9,-13,39.6,-2,0.51,17,27,-10,61.9,58.3,0.7,17,29,-12,47.4,57.9,0.8,6,13,-7,54.9,60,0.55,6,7,-1,67.6,62.5,1.08,10,9,1,75.3,66.7,1.04,7,9,-2,47.1,66.7,0.85,1,5,-4,46.3,33.3,0.27,4,13,-9,36.9,46.7,0.6,1
2/25/2020,acoR,MAD Lions,Evil Geniuses,Denmark,10330,2339381,4901,IEM Katowice 2020,3,Vertigo,Dust2,Nuke,54,12,48,19,6,67.6,6,74.7,6,1.13,16,2,14,10,1,65.2,2,61.8,2,1.05,21,7,16,3,4,73.3,5,82.3,2,1.27,17,3,18,6,1,61.9,-1,77.9,2,1.05,27,21,6,80.6,72.2,1.11,27,27,0,69,63.2,1.15,9,9,0,53.9,60,0.9,7,5,2,76.8,75,1.31,11,7,4,87.1,80,1.19,10,9,1,77.4,66.7,1.34,7,5,2,131.2,83.3,1.48,10,13,-3,56.5,53.3,0.88,1
2/25/2020,roeJ,MAD Lions,Evil Geniuses,Denmark,14419,2339381,4901,IEM Katowice 2020,3,Vertigo,Dust2,Nuke,33,8,59,20,4,59.5,-26,54.6,-7,0.69,10,2,19,5,0,56.5,-9,57.7,-5,0.55,19,5,21,13,4,73.3,-2,71.3,2,1.08,4,1,19,2,0,42.9,-15,27.6,-4,0.35,17,28,-11,57.1,58.3,0.66,16,31,-15,52.3,60.5,0.72,5,12,-7,45.4,60,0.43,5,7,-2,80.8,50,0.79,11,10,1,75.5,73.3,1.11,8,11,-3,67,73.3,1.05,1,6,-5,40.3,16.7,0.28,3,13,-10,22.5,53.3,0.37,1
2/25/2020,sjuush,MAD Lions,Evil Geniuses,Denmark,14148,2339381,4901,IEM Katowice 2020,3,Vertigo,Dust2,Nuke,53,11,48,26,1,68.9,5,83.7,3,1.14,13,2,15,7,0,69.6,-2,74.8,-2,0.95,24,5,14,14,1,73.3,10,86,4,1.36,16,4,19,5,0,61.9,-3,90.3,1,1.12,25,20,5,79.4,66.7,1.03,28,28,0,87.8,71.1,1.24,13,9,4,103.6,73.3,1.22,0,6,-6,20.8,62.5,0.45,11,5,6,79.1,73.3,1.27,13,9,4,92.9,73.3,1.45,1,6,-5,19.8,33.3,0.11,15,13,2,118.5,73.3,1.52,1
2/26/2020,chrisJ,mousesports,G2,Netherlands,2730,2339384,4901,IEM Katowice 2020,3,Dust2,Inferno,Nuke,45,10,57,23,0,63.5,-12,66.4,-6,0.84,25,0,20,13,0,75.9,5,76,1,1.16,5,6,19,3,0,54.5,-14,45.3,-5,0.47,15,4,18,7,0,56.5,-3,74.4,-2,0.86,22,30,-8,67.5,67.6,0.72,23,27,-4,65.2,59.5,0.96,9,13,-4,57.1,66.7,0.62,16,7,9,96.1,85.7,1.74,1,6,-5,49.6,57.1,0.32,4,13,-9,43.3,53.3,0.54,12,11,1,86.3,73.3,1.04,3,7,-4,52.2,25,0.54,1
2/26/2020,frozen,mousesports,G2,Slovakia,9960,2339384,4901,IEM Katowice 2020,3,Dust2,Inferno,Nuke,32,13,54,15,1,58.1,-22,63.7,-1,0.76,12,6,17,7,1,65.5,-5,67.4,0,0.91,13,2,16,3,0,59.1,-3,68.1,-1,0.84,7,5,21,5,0,47.8,-14,54.9,0,0.51,13,28,-15,59.6,54.1,0.58,19,26,-7,67.8,62.2,0.94,5,10,-5,63.9,53.3,0.6,7,7,0,71.3,78.6,1.25,4,5,-1,56.1,71.4,0.7,9,11,-2,73.7,53.3,0.9,4,13,-9,57.1,46.7,0.51,3,8,-5,50.9,50,0.51,1
2/26/2020,karrigan,mousesports,G2,Denmark,429,2339384,4901,IEM Katowice 2020,3,Dust2,Inferno,Nuke,34,17,61,19,4,58.1,-27,63.6,-16,0.7,10,10,24,9,3,62.1,-14,59,-9,0.65,15,4,16,7,1,68.2,-1,77,-5,1,9,3,21,3,0,43.5,-12,56.5,-2,0.5,16,30,-14,68.5,48.6,0.53,18,31,-13,58.7,67.6,0.86,4,13,-9,64.1,46.7,0.36,6,11,-5,53.6,78.6,0.96,5,4,1,86,85.7,1.12,10,12,-2,72.8,60,0.94,7,13,-6,64.6,33.3,0.47,2,8,-6,41.2,62.5,0.57,1
2/26/2020,ropz,mousesports,G2,Estonia,11816,2339384,4901,IEM Katowice 2020,3,Dust2,Inferno,Nuke,56,5,51,35,1,70.3,5,76.1,5,1.04,23,2,16,13,0,82.8,7,82.8,4,1.31,15,2,18,10,0,59.1,-3,64.7,-1,0.79,18,1,17,12,1,65.2,1,78.6,2,0.98,25,25,0,73.6,75.7,0.96,31,26,5,78.7,64.9,1.12,9,9,0,63.3,86.7,0.95,14,7,7,103.8,78.6,1.69,3,7,-4,59,42.9,0.44,12,11,1,67.4,66.7,0.95,13,9,4,90.7,80,1.25,5,8,-3,55.9,37.5,0.48,1
2/26/2020,woxic,mousesports,G2,Turkey,8574,2339384,4901,IEM Katowice 2020,3,Dust2,Inferno,Nuke,53,7,50,18,2,68.9,3,72.6,2,1.06,27,2,14,11,1,72.4,13,94,3,1.51,13,4,17,5,1,68.2,-4,58,0,0.82,13,1,19,2,0,65.2,-6,59.3,-1,0.76,23,27,-4,58.5,62.2,0.78,30,23,7,86.6,75.7,1.34,11,11,0,72.1,53.3,0.86,16,3,13,117.5,92.9,2.21,4,5,-1,42,71.4,0.63,9,12,-3,65.5,66.7,0.9,8,11,-3,52.5,66.7,0.78,5,8,-3,72.1,62.5,0.7,1
2/24/2020,chrisJ,mousesports,TYLOO,Netherlands,2730,2339503,4901,IEM Katowice 2020,3,Inferno,Dust2,,32,7,27,14,2,72.3,5,71.6,-3,1.09,13,4,11,8,0,71.4,2,68,1,1.09,19,3,16,6,2,73.1,3,74.6,-4,1.08,NA,NA,NA,NA,NA,NA,NA,NA,NA,NA,21,11,10,77,76.9,1.29,11,16,-5,65,66.7,0.83,10,7,3,70.5,80,1.17,3,4,-1,61.5,50,0.9,11,4,7,85.8,72.7,1.45,8,12,-4,66.3,73.3,0.81,NA,NA,NA,NA,NA,NA,NA,NA,NA,NA,NA,NA,0
2/24/2020,frozen,mousesports,TYLOO,Slovakia,9960,2339503,4901,IEM Katowice 2020,3,Inferno,Dust2,,36,16,25,18,2,74.5,11,95.5,-2,1.33,17,7,11,10,2,76.2,6,101.1,-1,1.36,19,9,14,8,0,73.1,5,91,-1,1.32,NA,NA,NA,NA,NA,NA,NA,NA,NA,NA,22,13,9,108.7,84.6,1.49,14,12,2,79.1,61.9,1.13,12,7,5,98.1,80,1.35,5,4,1,108.8,66.7,1.39,10,6,4,123.3,90.9,1.7,9,8,1,67.3,60,1.04,NA,NA,NA,NA,NA,NA,NA,NA,NA,NA,NA,NA,0
2/24/2020,karrigan,mousesports,TYLOO,Denmark,429,2339503,4901,IEM Katowice 2020,3,Inferno,Dust2,,42,7,28,24,4,74.5,14,85.6,4,1.34,24,4,11,10,1,81,13,102.9,3,1.69,18,3,17,14,3,69.2,1,71.6,1,1.06,NA,NA,NA,NA,NA,NA,NA,NA,NA,NA,22,14,8,77.6,76.9,1.18,20,14,6,95.5,71.4,1.52,16,8,8,98.5,86.7,1.51,8,3,5,113.8,66.7,2.14,6,6,0,49.1,63.6,0.77,12,11,1,88.1,73.3,1.28,NA,NA,NA,NA,NA,NA,NA,NA,NA,NA,NA,NA,0
2/24/2020,ropz,mousesports,TYLOO,Estonia,11816,2339503,4901,IEM Katowice 2020,3,Inferno,Dust2,,40,5,19,18,1,78.7,21,76.5,0,1.31,15,2,8,9,0,81,7,70.7,-1,1.17,25,3,11,9,1,76.9,14,81.2,1,1.44,NA,NA,NA,NA,NA,NA,NA,NA,NA,NA,27,7,20,88.2,92.3,1.57,13,12,1,62,61.9,0.99,13,4,9,84.4,100,1.47,2,4,-2,36.3,33.3,0.41,14,3,11,93.3,81.8,1.71,11,8,3,72.3,73.3,1.24,NA,NA,NA,NA,NA,NA,NA,NA,NA,NA,NA,NA,0
2/24/2020,woxic,mousesports,TYLOO,Turkey,8574,2339503,4901,IEM Katowice 2020,3,Inferno,Dust2,,30,20,22,8,10,72.3,8,77,4,1.26,17,5,9,6,3,76.2,8,87.4,3,1.49,13,15,13,2,7,69.2,0,68.6,1,1.09,NA,NA,NA,NA,NA,NA,NA,NA,NA,NA,20,11,9,96.3,80.8,1.47,10,11,-1,53.1,61.9,0.99,11,7,4,83.9,73.3,1.34,6,2,4,96.2,83.3,1.87,9,4,5,113.2,90.9,1.65,4,9,-5,35.9,53.3,0.67,NA,NA,NA,NA,NA,NA,NA,NA,NA,NA,NA,NA,0
2/26/2020,Boombl4,Natus Vincere,NiP,Russia,11840,2339390,4901,IEM Katowice 2020,3,Mirage,Train,,32,13,25,14,1,80,7,80.5,-1,1.29,13,5,8,7,0,84.2,5,67.7,1,1.25,19,8,17,7,1,76.9,2,89.8,-2,1.32,NA,NA,NA,NA,NA,NA,NA,NA,NA,NA,21,13,8,85,88.5,1.36,11,12,-1,74.3,68.4,1.19,12,6,6,69.4,86.7,1.28,1,2,-1,61.5,75,1.14,9,7,2,106.3,90.9,1.48,10,10,0,77.7,66.7,1.2,NA,NA,NA,NA,NA,NA,NA,NA,NA,NA,NA,NA,0
2/26/2020,Perfecto,Natus Vincere,NiP,Russia,16947,2339390,4901,IEM Katowice 2020,3,Mirage,Train,,33,9,23,10,0,84.4,10,81.8,2,1.32,9,4,9,3,0,89.5,0,61,1,1.07,24,5,14,7,0,80.8,10,97,1,1.52,NA,NA,NA,NA,NA,NA,NA,NA,NA,NA,17,12,5,73,88.5,1.24,16,11,5,93.8,78.9,1.42,8,6,2,67.9,100,1.24,1,3,-2,35,50,0.42,9,6,3,80,72.7,1.26,15,8,7,109.5,86.7,1.71,NA,NA,NA,NA,NA,NA,NA,NA,NA,NA,NA,NA,0
2/26/2020,electronic,Natus Vincere,NiP,Russia,8918,2339390,4901,IEM Katowice 2020,3,Mirage,Train,,29,10,26,14,1,75.6,3,79.5,2,1.22,18,6,9,7,0,84.2,9,110.5,2,1.68,11,4,17,7,1,69.2,-6,56.9,0,0.89,NA,NA,NA,NA,NA,NA,NA,NA,NA,NA,22,14,8,104.9,84.6,1.4,7,12,-5,44.8,63.2,0.96,15,7,8,119.2,86.7,1.68,3,2,1,77.8,75,1.65,7,7,0,85.5,81.8,1.04,4,10,-6,36,60,0.78,NA,NA,NA,NA,NA,NA,NA,NA,NA,NA,NA,NA,0
2/26/2020,flamie,Natus Vincere,NiP,Russia,7594,2339390,4901,IEM Katowice 2020,3,Mirage,Train,,43,10,25,24,1,77.8,18,93.6,3,1.45,19,4,10,11,0,84.2,9,108.6,3,1.63,24,6,15,13,1,73.1,9,82.5,0,1.34,NA,NA,NA,NA,NA,NA,NA,NA,NA,NA,22,15,7,88.8,84.6,1.33,21,10,11,100.1,68.4,1.62,11,9,2,94.3,86.7,1.32,8,1,7,162.2,75,2.79,11,6,5,81.2,81.8,1.35,13,9,4,83.5,66.7,1.32,NA,NA,NA,NA,NA,NA,NA,NA,NA,NA,NA,NA,0
2/26/2020,s1mple,Natus Vincere,NiP,Ukraine,7998,2339390,4901,IEM Katowice 2020,3,Mirage,Train,,46,11,20,16,6,82.2,26,87.3,5,1.56,26,6,6,10,3,89.5,20,110.4,4,2.07,20,5,14,6,3,76.9,6,70.3,1,1.19,NA,NA,NA,NA,NA,NA,NA,NA,NA,NA,33,10,23,109.4,88.5,1.89,13,10,3,57,73.7,1.1,23,4,19,122.9,93.3,2.26,3,2,1,63.8,75,1.38,10,6,4,91,81.8,1.4,10,8,2,55.2,73.3,1.03,NA,NA,NA,NA,NA,NA,NA,NA,NA,NA,NA,NA,0
2/25/2020,Boombl4,Natus Vincere,fnatic,Russia,11840,2339383,4901,IEM Katowice 2020,3,Dust2,Inferno,Mirage,51,11,56,20,3,67.9,-5,70.9,-3,0.99,10,2,18,7,1,56.5,-8,57.9,0,0.66,22,5,20,7,1,80,2,76.2,0,1.13,19,4,18,6,1,64.3,1,75.9,-3,1.11,27,20,7,79.7,73.7,1.12,24,36,-12,63,62.8,0.87,4,6,-2,67.6,62.5,0.76,6,12,-6,52.7,53.3,0.6,11,7,4,75.9,80,1.14,11,13,-2,76.5,80,1.13,12,7,5,90.1,73.3,1.29,7,11,-4,59.5,53.8,0.91,1
2/25/2020,Perfecto,Natus Vincere,fnatic,Russia,16947,2339383,4901,IEM Katowice 2020,3,Dust2,Inferno,Mirage,37,10,52,18,3,65.4,-15,57.6,-10,0.81,11,2,18,5,1,56.5,-7,61.9,-4,0.7,10,7,18,4,2,60,-8,52.7,-3,0.72,16,1,16,9,0,78.6,0,59.5,-3,1,14,20,-6,41.6,68.4,0.68,23,32,-9,71.8,62.8,0.91,3,5,-2,34.2,50,0.5,8,13,-5,76.6,60,0.8,3,9,-6,41.7,60,0.5,7,9,-2,63.7,60,0.94,8,6,2,45.5,86.7,0.99,8,10,-2,75.6,69.2,1.01,1
2/25/2020,electronic,Natus Vincere,fnatic,Russia,8918,2339383,4901,IEM Katowice 2020,3,Dust2,Inferno,Mirage,48,5,61,26,1,59.3,-13,68.6,1,0.87,11,1,20,6,0,43.5,-9,63,-2,0.61,20,2,21,11,0,66.7,-1,75,1,1.03,17,2,20,9,1,64.3,-3,66.5,2,0.92,22,21,1,69.1,68.4,0.98,26,40,-14,68.3,51.2,0.77,4,6,-2,63.6,62.5,0.66,7,14,-7,62.7,33.3,0.59,11,8,3,89.8,73.3,1.16,9,13,-4,60.1,60,0.9,7,7,0,51.3,66.7,0.98,10,13,-3,84.1,61.5,0.85,1
2/25/2020,flamie,Natus Vincere,fnatic,Russia,7594,2339383,4901,IEM Katowice 2020,3,Dust2,Inferno,Mirage,41,12,52,17,0,66.7,-11,58.7,-1,0.83,12,4,17,6,0,52.2,-5,58.3,0,0.73,16,2,17,5,0,76.7,-1,53,-1,0.91,13,6,18,6,0,67.9,-5,65.2,0,0.86,22,20,2,66.5,73.7,1.01,19,32,-13,51.9,60.5,0.68,4,5,-1,66.2,50,0.82,8,12,-4,54.1,53.3,0.68,7,7,0,49,73.3,0.92,9,10,-1,57.1,80,0.9,11,8,3,84.1,86.7,1.22,2,10,-8,43.3,46.2,0.44,1
2/25/2020,s1mple,Natus Vincere,fnatic,Ukraine,7998,2339383,4901,IEM Katowice 2020,3,Dust2,Inferno,Mirage,70,12,53,20,6,71.6,17,89.6,9,1.29,15,6,17,6,4,69.6,-2,80.8,3,1.07,30,3,16,9,1,70,14,98.4,5,1.53,25,3,20,5,1,75,5,87.4,1,1.24,41,20,21,114.5,81.6,1.71,29,33,-4,67.6,62.8,0.93,7,5,2,106.4,87.5,1.43,8,12,-4,67.2,60,0.88,15,8,7,102.1,66.7,1.59,15,8,7,94.7,73.3,1.48,19,7,12,131.3,93.3,1.99,6,13,-7,36.6,53.8,0.37,1
2/24/2020,Boombl4,Natus Vincere,FaZe,Russia,11840,2339375,4901,IEM Katowice 2020,3,Nuke,Dust2,Overpass,56,9,57,26,4,66.7,-1,73.3,0,1,12,2,22,4,0,52,-10,60.2,-1,0.65,20,2,23,9,0,66.7,-3,69.6,0,0.96,24,5,12,13,4,80.8,12,90.3,1,1.44,29,27,2,78.1,70.7,1,27,30,-3,68.4,62.5,1,11,13,-2,81.6,60,0.85,1,9,-8,28,40,0.34,9,12,-3,69.9,60,0.79,11,11,0,69.3,73.3,1.14,9,2,7,84.6,100,1.54,15,10,5,94.5,66.7,1.36,0
2/24/2020,Perfecto,Natus Vincere,FaZe,Russia,16947,2339375,4901,IEM Katowice 2020,3,Nuke,Dust2,Overpass,53,11,52,28,2,74.1,1,70.1,0,1.07,14,5,20,10,1,68,-6,56.8,-1,0.77,20,4,17,11,1,73.3,3,72.3,-2,1.16,19,2,15,7,0,80.8,4,80.4,3,1.27,23,24,-1,57.7,70.7,0.94,30,28,2,82.8,77.5,1.2,6,13,-7,42.4,60,0.49,8,7,1,78.3,80,1.17,9,7,2,57.5,73.3,1.12,11,10,1,87.1,73.3,1.21,8,4,4,78.7,81.8,1.35,11,11,0,81.7,80,1.22,0
2/24/2020,electronic,Natus Vincere,FaZe,Russia,8918,2339375,4901,IEM Katowice 2020,3,Nuke,Dust2,Overpass,52,14,57,24,0,64.2,-5,77.1,-2,1,21,4,18,12,0,64,3,90.6,4,1.24,14,6,24,5,0,60,-10,64.2,-5,0.67,17,4,15,7,0,69.2,2,79,-1,1.18,37,22,15,100.4,80.5,1.44,15,35,-20,53.2,47.5,0.55,16,9,7,108.7,73.3,1.6,5,9,-4,63.5,50,0.69,8,11,-3,78.1,73.3,0.89,6,13,-7,50.3,46.7,0.45,13,2,11,119.5,100,2.02,4,13,-9,49.3,46.7,0.56,0
2/24/2020,flamie,Natus Vincere,FaZe,Russia,7594,2339375,4901,IEM Katowice 2020,3,Nuke,Dust2,Overpass,48,11,55,22,1,71.6,-7,63.4,-7,0.9,14,3,18,4,0,88,-4,53.1,-2,0.8,17,4,21,6,1,63.3,-4,64.9,-1,0.88,17,4,16,12,0,65.4,1,71.5,-4,1.08,30,23,7,83,80.5,1.18,18,32,-14,43.3,62.5,0.61,8,9,-1,59,86.7,0.88,6,9,-3,44.2,90,0.68,9,10,-1,69.5,60,0.88,8,11,-3,60.3,66.7,0.88,13,4,9,134,100,2.09,4,12,-8,25.7,40,0.34,0
2/24/2020,s1mple,Natus Vincere,FaZe,Ukraine,7998,2339375,4901,IEM Katowice 2020,3,Nuke,Dust2,Overpass,57,16,46,18,7,72.8,11,77.7,4,1.15,19,7,18,8,1,60,1,87.2,-1,1.11,21,5,15,7,4,76.7,6,80.4,0,1.17,17,4,13,3,2,80.8,4,65.4,5,1.18,38,19,19,96.3,80.5,1.43,19,27,-8,58.6,65,0.86,13,10,3,101.1,60,1.2,6,8,-2,66.4,60,0.97,16,6,10,116.3,86.7,1.7,5,9,-4,44.5,66.7,0.64,9,3,6,62.5,100,1.42,8,10,-2,67.5,66.7,1,0
2/26/2020,Lekr0,NiP,Natus Vincere,Sweden,9261,2339390,4901,IEM Katowice 2020,3,Mirage,Train,,27,8,36,14,5,60,-9,66.8,0,0.78,7,6,18,4,3,52.6,-11,44.5,-1,0.47,20,2,18,10,2,65.4,2,83.1,1,1.02,NA,NA,NA,NA,NA,NA,NA,NA,NA,NA,19,11,8,103.6,78.9,1.37,8,25,-17,39.9,46.2,0.35,3,3,0,87.2,50,0.91,4,15,-11,33.1,53.3,0.36,16,8,8,108,86.7,1.51,4,10,-6,49.2,36.4,0.36,NA,NA,NA,NA,NA,NA,NA,NA,NA,NA,NA,NA,1
2/26/2020,Plopski,NiP,Natus Vincere,Sweden,14218,2339390,4901,IEM Katowice 2020,3,Mirage,Train,,31,7,38,10,0,60,-7,87.8,-5,0.92,16,4,17,5,0,52.6,-1,110.2,-3,1.1,15,3,21,5,0,65.4,-6,71.5,-2,0.83,NA,NA,NA,NA,NA,NA,NA,NA,NA,NA,12,15,-3,85.5,63.2,0.82,19,23,-4,89.5,57.7,1,4,3,1,138.8,100,1.54,12,14,-2,102.5,40,0.98,8,12,-4,71.3,53.3,0.66,7,9,-2,71.7,81.8,1.06,NA,NA,NA,NA,NA,NA,NA,NA,NA,NA,NA,NA,1
2/26/2020,REZ,NiP,Natus Vincere,Sweden,9278,2339390,4901,IEM Katowice 2020,3,Mirage,Train,,26,3,39,15,2,53.3,-13,66,0,0.75,11,1,18,7,1,57.9,-7,63.2,-1,0.75,15,2,21,8,1,50,-6,68.2,1,0.75,NA,NA,NA,NA,NA,NA,NA,NA,NA,NA,9,16,-7,57.6,57.9,0.62,17,23,-6,72.2,50,0.84,1,4,-3,25.2,50,0.17,10,14,-4,73.3,60,0.91,8,12,-4,66.2,60,0.75,7,9,-2,70.8,36.4,0.76,NA,NA,NA,NA,NA,NA,NA,NA,NA,NA,NA,NA,1
2/26/2020,nawwk,NiP,Natus Vincere,Sweden,13670,2339390,4901,IEM Katowice 2020,3,Mirage,Train,,20,2,34,7,0,55.6,-14,52.1,-1,0.7,4,1,15,1,0,42.1,-11,36.8,-2,0.41,16,1,19,6,0,65.4,-3,63.3,1,0.92,NA,NA,NA,NA,NA,NA,NA,NA,NA,NA,8,13,-5,49.3,52.6,0.54,12,21,-9,54.2,57.7,0.81,1,3,-2,30,25,0.2,3,12,-9,38.7,46.7,0.46,7,10,-3,54.4,60,0.64,9,9,0,75.5,72.7,1.31,NA,NA,NA,NA,NA,NA,NA,NA,NA,NA,NA,NA,1
2/26/2020,twist,NiP,Natus Vincere,Sweden,7443,2339390,4901,IEM Katowice 2020,3,Mirage,Train,,15,3,36,5,0,60,-21,49.3,-5,0.58,4,1,17,1,0,42.1,-13,38.9,-4,0.3,11,2,19,4,0,73.1,-8,56.9,-1,0.8,NA,NA,NA,NA,NA,NA,NA,NA,NA,NA,7,13,-6,54.1,68.4,0.7,8,23,-15,45.8,53.8,0.5,1,3,-2,69.2,50,0.53,3,14,-11,30.8,40,0.24,6,10,-4,50,73.3,0.75,5,9,-4,66.4,72.7,0.87,NA,NA,NA,NA,NA,NA,NA,NA,NA,NA,NA,NA,1
2/25/2020,Lekr0,NiP,Cloud9,Sweden,9261,2339386,4901,IEM Katowice 2020,3,Overpass,Vertigo,,36,16,26,14,5,88.4,10,85.9,1,1.33,20,8,9,6,2,94.4,11,110.4,2,1.77,16,8,17,8,3,84,-1,68.2,-1,1.03,NA,NA,NA,NA,NA,NA,NA,NA,NA,NA,23,16,7,90.2,84,1.32,13,10,3,80,94.4,1.34,18,8,10,116.2,93.3,1.84,2,1,1,81.7,100,1.46,5,8,-3,51.1,70,0.61,11,9,2,79.7,93.3,1.32,NA,NA,NA,NA,NA,NA,NA,NA,NA,NA,NA,NA,0
2/25/2020,Plopski,NiP,Cloud9,Sweden,14218,2339386,4901,IEM Katowice 2020,3,Overpass,Vertigo,,35,8,21,16,1,83.7,14,81,6,1.4,15,5,7,7,0,94.4,8,85.8,2,1.5,20,3,14,9,1,76,6,77.5,4,1.34,NA,NA,NA,NA,NA,NA,NA,NA,NA,NA,18,14,4,74.4,84,1.19,17,7,10,90.1,83.3,1.7,11,6,5,77.9,93.3,1.32,4,1,3,125.7,100,2.39,7,8,-1,69.3,70,1,13,6,7,83,80,1.57,NA,NA,NA,NA,NA,NA,NA,NA,NA,NA,NA,NA,0
2/25/2020,REZ,NiP,Cloud9,Sweden,9278,2339386,4901,IEM Katowice 2020,3,Overpass,Vertigo,,36,13,24,18,2,81.4,12,92,-3,1.38,17,7,9,9,0,88.9,8,105.4,-1,1.61,19,6,15,9,2,76,4,82.3,-2,1.23,NA,NA,NA,NA,NA,NA,NA,NA,NA,NA,22,14,8,98.4,80,1.39,14,10,4,83.2,83.3,1.38,16,7,9,114,86.7,1.74,1,2,-1,62.7,100,0.96,6,7,-1,74.9,70,0.87,13,8,5,87.3,80,1.47,NA,NA,NA,NA,NA,NA,NA,NA,NA,NA,NA,NA,0
2/25/2020,nawwk,NiP,Cloud9,Sweden,13670,2339386,4901,IEM Katowice 2020,3,Overpass,Vertigo,,35,7,21,13,3,88.4,14,73.7,5,1.41,14,0,9,5,0,88.9,5,58.4,3,1.29,21,7,12,8,3,88,9,84.8,2,1.5,NA,NA,NA,NA,NA,NA,NA,NA,NA,NA,18,13,5,64.9,80,1.11,17,8,9,86.1,100,1.82,11,7,4,54.9,86.7,1.16,3,2,1,76.3,100,1.94,7,6,1,79.9,70,1.05,14,6,8,88,100,1.8,NA,NA,NA,NA,NA,NA,NA,NA,NA,NA,NA,NA,0
2/25/2020,twist,NiP,Cloud9,Sweden,7443,2339386,4901,IEM Katowice 2020,3,Overpass,Vertigo,,36,14,19,9,5,88.4,17,88.3,4,1.49,19,8,7,5,3,88.9,12,117.8,2,1.89,17,6,12,4,2,88,5,67,2,1.24,NA,NA,NA,NA,NA,NA,NA,NA,NA,NA,22,11,11,95.7,88,1.5,14,8,6,78.1,88.9,1.49,16,5,11,121.8,100,2.03,3,2,1,98,33.3,1.23,6,6,0,56.5,70,0.76,11,6,5,74.1,100,1.56,NA,NA,NA,NA,NA,NA,NA,NA,NA,NA,NA,NA,0
2/24/2020,Lekr0,NiP,Vitality,Sweden,9261,2339373,4901,IEM Katowice 2020,3,Vertigo,Nuke,,26,14,41,18,4,68.5,-15,61.2,5,0.85,10,9,20,7,4,71.4,-10,52.8,0,0.79,16,5,21,11,0,65.4,-5,70.3,5,0.95,NA,NA,NA,NA,NA,NA,NA,NA,NA,NA,16,22,-6,79.1,71.4,0.94,10,19,-9,41.9,65.4,0.77,4,11,-7,62.3,61.5,0.59,6,9,-3,44.5,80,0.96,12,11,1,93.7,80,1.26,4,10,-6,38.4,45.5,0.52,NA,NA,NA,NA,NA,NA,NA,NA,NA,NA,NA,NA,1
2/24/2020,Plopski,NiP,Vitality,Sweden,14218,2339373,4901,IEM Katowice 2020,3,Vertigo,Nuke,,41,11,40,18,4,66.7,1,82.3,3,1.09,23,6,22,11,1,67.9,1,88.7,2,1.17,18,5,18,7,3,65.4,0,75.4,1,1.01,NA,NA,NA,NA,NA,NA,NA,NA,NA,NA,18,21,-3,70.4,57.1,0.84,23,19,4,95.1,76.9,1.35,6,12,-6,59.4,46.2,0.55,17,10,7,114.1,86.7,1.7,12,9,3,79.9,66.7,1.1,6,9,-3,69.2,63.6,0.89,NA,NA,NA,NA,NA,NA,NA,NA,NA,NA,NA,NA,1
2/24/2020,REZ,NiP,Vitality,Sweden,9278,2339373,4901,IEM Katowice 2020,3,Vertigo,Nuke,,25,12,39,7,2,64.8,-14,57.7,-7,0.76,13,8,22,5,1,67.9,-9,55.6,-6,0.77,12,4,17,2,1,61.5,-5,60,-1,0.75,NA,NA,NA,NA,NA,NA,NA,NA,NA,NA,12,19,-7,52.2,60.7,0.62,13,20,-7,63.7,69.2,0.91,6,10,-4,55.7,61.5,0.62,7,12,-5,55.5,73.3,0.91,6,9,-3,49.1,60,0.62,6,8,-2,74.9,63.6,0.92,NA,NA,NA,NA,NA,NA,NA,NA,NA,NA,NA,NA,1
2/24/2020,nawwk,NiP,Vitality,Sweden,13670,2339373,4901,IEM Katowice 2020,3,Vertigo,Nuke,,45,11,40,14,0,72.2,5,92.5,4,1.23,27,8,21,8,0,85.7,6,107.2,2,1.46,18,3,19,6,0,57.7,-1,76.7,2,1.01,NA,NA,NA,NA,NA,NA,NA,NA,NA,NA,27,18,9,105.1,75,1.32,18,22,-4,78.9,69.2,1.14,15,9,6,124.2,92.3,1.52,12,12,0,92.4,80,1.4,12,9,3,88.6,60,1.17,6,10,-4,60.5,54.5,0.79,NA,NA,NA,NA,NA,NA,NA,NA,NA,NA,NA,NA,1
2/24/2020,twist,NiP,Vitality,Sweden,7443,2339373,4901,IEM Katowice 2020,3,Vertigo,Nuke,,34,6,36,15,1,57.4,-2,65.9,-5,0.9,18,2,17,5,0,53.6,1,57.5,-2,0.94,16,4,19,10,1,61.5,-3,74.9,-3,0.89,NA,NA,NA,NA,NA,NA,NA,NA,NA,NA,18,17,1,73.3,57.1,0.91,16,19,-3,57.8,57.7,0.89,6,8,-2,42.1,46.2,0.71,12,9,3,70.8,60,1.13,12,9,3,100.4,66.7,1.12,4,10,-6,40.1,54.5,0.58,NA,NA,NA,NA,NA,NA,NA,NA,NA,NA,NA,NA,1
2/25/2020,Hatz,Renegades,FaZe,Australia,11162,2339387,4901,IEM Katowice 2020,3,Inferno,Mirage,,24,7,38,10,2,59.3,-14,52.9,-1,0.73,13,3,20,9,1,71.4,-7,48.2,-1,0.79,11,4,18,1,1,46.2,-7,58.1,0,0.68,NA,NA,NA,NA,NA,NA,NA,NA,NA,NA,12,20,-8,52.5,57.1,0.61,12,18,-6,53.4,61.5,0.87,7,8,-1,47.7,76.9,0.79,6,12,-6,48.6,66.7,0.78,5,12,-7,56.7,40,0.46,6,6,0,59.9,54.5,0.98,NA,NA,NA,NA,NA,NA,NA,NA,NA,NA,NA,NA,1
2/25/2020,INS,Renegades,FaZe,Australia,11140,2339387,4901,IEM Katowice 2020,3,Inferno,Mirage,,36,11,38,17,3,66.7,-2,75,1,1.05,17,7,21,3,0,57.1,-4,80.5,1,1.05,19,4,17,14,3,76.9,2,69.1,0,1.05,NA,NA,NA,NA,NA,NA,NA,NA,NA,NA,17,21,-4,74.7,75,0.88,19,17,2,75.3,57.7,1.22,5,10,-5,75.3,69.2,0.8,12,11,1,85.1,46.7,1.26,12,11,1,74.2,80,0.96,7,6,1,62.1,72.7,1.18,NA,NA,NA,NA,NA,NA,NA,NA,NA,NA,NA,NA,1
2/25/2020,Sico,Renegades,FaZe,New Zealand,9102,2339387,4901,IEM Katowice 2020,3,Inferno,Mirage,,31,7,40,9,3,61.1,-9,57.8,4,0.84,17,2,21,5,0,60.7,-4,48.3,5,0.79,14,5,19,4,3,61.5,-5,68,-1,0.89,NA,NA,NA,NA,NA,NA,NA,NA,NA,NA,20,21,-1,74.1,60.7,1,11,19,-8,40.2,61.5,0.66,11,10,1,74.7,61.5,1.13,6,11,-5,25.5,60,0.49,9,11,-2,73.6,60,0.89,5,8,-3,60.3,63.6,0.88,NA,NA,NA,NA,NA,NA,NA,NA,NA,NA,NA,NA,1
2/25/2020,dexter,Renegades,FaZe,Australia,9115,2339387,4901,IEM Katowice 2020,3,Inferno,Mirage,,40,18,41,19,7,61.1,-1,88.9,-7,1.06,22,15,22,12,6,67.9,0,98.8,-4,1.2,18,3,19,7,1,53.8,-1,78.3,-3,0.92,NA,NA,NA,NA,NA,NA,NA,NA,NA,NA,20,23,-3,84.4,57.1,0.85,20,18,2,93.8,65.4,1.29,12,9,3,100.7,69.2,1.2,10,13,-3,97.2,66.7,1.2,8,14,-6,70.3,46.7,0.57,10,5,5,89.3,63.6,1.41,NA,NA,NA,NA,NA,NA,NA,NA,NA,NA,NA,NA,1
2/25/2020,malta,Renegades,FaZe,Australia,11485,2339387,4901,IEM Katowice 2020,3,Inferno,Mirage,,26,7,41,7,1,64.8,-15,57.5,-1,0.72,13,4,19,4,1,67.9,-6,51.4,1,0.73,13,3,22,3,0,61.5,-9,64.1,-2,0.72,NA,NA,NA,NA,NA,NA,NA,NA,NA,NA,18,21,-3,76.1,71.4,0.87,8,20,-12,37.5,57.7,0.57,9,8,1,77.9,84.6,1.06,4,11,-7,28.4,53.3,0.44,9,13,-4,74.5,60,0.7,4,9,-5,50,63.6,0.73,NA,NA,NA,NA,NA,NA,NA,NA,NA,NA,NA,NA,1
2/24/2020,Hatz,Renegades,fnatic,Australia,11162,2339376,4901,IEM Katowice 2020,3,Dust2,Inferno,,22,5,35,13,1,60,-13,52.6,-2,0.71,11,2,16,9,1,55,-5,58,-1,0.68,11,3,19,4,0,63.3,-8,49,-1,0.74,NA,NA,NA,NA,NA,NA,NA,NA,NA,NA,11,9,2,54.6,75,0.92,11,26,-15,51.2,50,0.57,5,3,2,101.8,80,1.29,6,13,-7,43.5,46.7,0.47,6,6,0,38.9,73.3,0.81,5,13,-8,59,53.3,0.67,NA,NA,NA,NA,NA,NA,NA,NA,NA,NA,NA,NA,1
2/24/2020,INS,Renegades,fnatic,Australia,11140,2339376,4901,IEM Katowice 2020,3,Dust2,Inferno,,30,8,39,13,3,66,-9,64.9,4,0.89,7,4,17,4,2,55,-10,45.1,1,0.61,23,4,22,9,1,73.3,1,78.2,3,1.09,NA,NA,NA,NA,NA,NA,NA,NA,NA,NA,18,10,8,89.2,90,1.5,12,29,-17,48.7,50,0.48,4,3,1,90.6,100,1.42,3,14,-11,29.9,40,0.34,14,7,7,88.8,86.7,1.53,9,15,-6,67.5,60,0.64,NA,NA,NA,NA,NA,NA,NA,NA,NA,NA,NA,NA,1
2/24/2020,Sico,Renegades,fnatic,New Zealand,9102,2339376,4901,IEM Katowice 2020,3,Dust2,Inferno,,24,12,35,12,4,60,-11,60.2,4,0.85,9,5,16,5,3,55,-7,54.5,2,0.78,15,7,19,7,1,63.3,-4,63.9,2,0.89,NA,NA,NA,NA,NA,NA,NA,NA,NA,NA,13,8,5,77.7,80,1.28,11,27,-16,48.5,46.7,0.56,2,3,-1,59.4,80,1,7,13,-6,52.9,46.7,0.71,11,5,6,83.7,80,1.38,4,14,-10,44.1,46.7,0.41,NA,NA,NA,NA,NA,NA,NA,NA,NA,NA,NA,NA,1
2/24/2020,dexter,Renegades,fnatic,Australia,9115,2339376,4901,IEM Katowice 2020,3,Dust2,Inferno,,29,12,37,16,3,64,-8,71.8,-5,0.87,9,5,18,6,2,50,-9,61.8,-3,0.6,20,7,19,10,1,73.3,1,78.5,-2,1.08,NA,NA,NA,NA,NA,NA,NA,NA,NA,NA,14,9,5,85.6,75,1.2,15,28,-13,62.6,56.7,0.65,1,3,-2,33,60,0.41,8,15,-7,71.4,46.7,0.67,13,6,7,103.1,80,1.5,7,13,-6,53.8,66.7,0.66,NA,NA,NA,NA,NA,NA,NA,NA,NA,NA,NA,NA,1
2/24/2020,malta,Renegades,fnatic,Australia,11485,2339376,4901,IEM Katowice 2020,3,Dust2,Inferno,,34,8,35,16,2,62,-1,70,-3,0.94,9,3,17,6,0,55,-8,52,-3,0.54,25,5,18,10,2,66.7,7,82,0,1.21,NA,NA,NA,NA,NA,NA,NA,NA,NA,NA,14,8,6,81.4,80,1.21,20,27,-7,62.4,50,0.75,3,2,1,64.2,80,1.13,6,15,-9,47.9,46.7,0.35,11,6,5,87.1,80,1.25,14,12,2,76.9,53.3,1.17,NA,NA,NA,NA,NA,NA,NA,NA,NA,NA,NA,NA,1
2/26/2020,Attacker,TYLOO,100 Thieves,China,8552,2339388,4901,IEM Katowice 2020,3,Inferno,Vertigo,,24,10,41,14,0,64.7,-17,63.5,-2,0.81,12,5,18,6,0,68,-6,56.8,-4,0.82,12,5,23,8,0,61.5,-11,69.8,2,0.81,NA,NA,NA,NA,NA,NA,NA,NA,NA,NA,6,20,-14,43.6,64,0.53,18,21,-3,82.5,65.4,1.08,2,8,-6,39.8,70,0.55,10,10,0,68.2,66.7,1,4,12,-8,46.1,60,0.52,8,11,-3,102.1,63.6,1.2,NA,NA,NA,NA,NA,NA,NA,NA,NA,NA,NA,NA,1
2/26/2020,Freeman,TYLOO,100 Thieves,Hong Kong,10774,2339388,4901,IEM Katowice 2020,3,Inferno,Vertigo,,27,7,40,11,4,58.8,-13,59.3,-8,0.7,11,3,20,3,1,64,-9,51.2,-5,0.65,16,4,20,8,3,53.8,-4,67.1,-3,0.78,NA,NA,NA,NA,NA,NA,NA,NA,NA,NA,15,22,-7,71.6,40,0.59,12,18,-6,47.5,76.9,0.81,3,10,-7,49.7,30,0.19,8,10,-2,52.1,86.7,0.96,12,12,0,86.2,46.7,0.9,4,8,-4,41.1,63.6,0.62,NA,NA,NA,NA,NA,NA,NA,NA,NA,NA,NA,NA,1
2/26/2020,Summer,TYLOO,100 Thieves,China,7028,2339388,4901,IEM Katowice 2020,3,Inferno,Vertigo,,34,6,37,20,0,64.7,-3,82.9,1,1.04,12,1,17,8,0,60,-5,60.2,1,0.83,22,5,20,12,0,69.2,2,104.7,0,1.27,NA,NA,NA,NA,NA,NA,NA,NA,NA,NA,11,21,-10,73.5,44,0.62,23,16,7,91.9,84.6,1.45,5,8,-3,65.4,40,0.69,7,9,-2,56.8,73.3,0.92,6,13,-7,78.9,46.7,0.58,16,7,9,139.8,100,2.22,NA,NA,NA,NA,NA,NA,NA,NA,NA,NA,NA,NA,1
2/26/2020,somebody,TYLOO,100 Thieves,China,8605,2339388,4901,IEM Katowice 2020,3,Inferno,Vertigo,,23,3,33,14,2,54.9,-10,53.8,-7,0.78,13,2,14,8,2,64,-1,52,-1,0.99,10,1,19,6,0,46.2,-9,55.5,-6,0.6,NA,NA,NA,NA,NA,NA,NA,NA,NA,NA,8,17,-9,51.1,44,0.5,15,16,-1,56.3,65.4,1.04,1,6,-5,14.6,50,0.36,12,8,4,76.9,73.3,1.42,7,11,-4,75.5,40,0.63,3,8,-5,28.3,54.5,0.56,NA,NA,NA,NA,NA,NA,NA,NA,NA,NA,NA,NA,1
2/26/2020,xeta,TYLOO,100 Thieves,Korea,11188,2339388,4901,IEM Katowice 2020,3,Inferno,Vertigo,,29,4,41,14,2,58.8,-12,65,-3,0.78,8,3,21,5,1,52,-13,53.6,-2,0.52,21,1,20,9,1,65.4,1,76,-1,1.04,NA,NA,NA,NA,NA,NA,NA,NA,NA,NA,18,20,-2,77.1,64,0.81,11,21,-10,53.4,53.8,0.75,6,8,-2,83.7,50,0.7,2,13,-11,33.5,53.3,0.39,12,12,0,72.7,73.3,0.89,9,8,1,80.6,54.5,1.24,NA,NA,NA,NA,NA,NA,NA,NA,NA,NA,NA,NA,1
2/24/2020,Attacker,TYLOO,mousesports,China,8552,2339503,4901,IEM Katowice 2020,3,Inferno,Dust2,,29,7,36,14,0,57.4,-7,74,0,0.85,16,2,16,9,0,61.9,0,87.3,0,1.04,13,5,20,5,0,53.8,-7,63.3,0,0.73,NA,NA,NA,NA,NA,NA,NA,NA,NA,NA,14,13,1,78.3,66.7,1,15,23,-8,70.6,50,0.73,7,4,3,144.2,83.3,1.77,9,12,-3,64.6,53.3,0.74,7,9,-2,52,60,0.75,6,11,-5,78.7,45.5,0.71,NA,NA,NA,NA,NA,NA,NA,NA,NA,NA,NA,NA,1
2/24/2020,Freeman,TYLOO,mousesports,Hong Kong,10774,2339503,4901,IEM Katowice 2020,3,Inferno,Dust2,,12,3,36,7,1,42.6,-24,40.2,1,0.45,6,1,17,4,0,38.1,-11,47.8,1,0.47,6,2,19,3,1,46.2,-13,34,0,0.45,NA,NA,NA,NA,NA,NA,NA,NA,NA,NA,6,14,-8,33.7,47.6,0.5,6,22,-16,45.4,38.5,0.41,3,5,-2,67.7,33.3,0.6,3,12,-9,39.9,40,0.41,3,9,-6,20.1,53.3,0.48,3,10,-7,53,36.4,0.4,NA,NA,NA,NA,NA,NA,NA,NA,NA,NA,NA,NA,1
2/24/2020,Summer,TYLOO,mousesports,China,7028,2339503,4901,IEM Katowice 2020,3,Inferno,Dust2,,30,9,37,15,3,63.8,-7,73.4,-2,0.88,9,3,18,5,0,61.9,-9,56,-2,0.61,21,6,19,10,3,65.4,2,87.4,0,1.11,NA,NA,NA,NA,NA,NA,NA,NA,NA,NA,17,14,3,93.2,76.2,1.21,13,23,-10,57.4,53.8,0.61,2,5,-3,57.3,83.3,0.59,7,13,-6,55.5,53.3,0.61,15,9,6,107.5,73.3,1.47,6,10,-4,60,54.5,0.61,NA,NA,NA,NA,NA,NA,NA,NA,NA,NA,NA,NA,1
2/24/2020,somebody,TYLOO,mousesports,China,8605,2339503,4901,IEM Katowice 2020,3,Inferno,Dust2,,27,3,36,15,0,51.1,-9,69,-1,0.85,11,1,18,7,0,42.9,-7,68.6,-1,0.78,16,2,18,8,0,57.7,-2,69.3,0,0.92,NA,NA,NA,NA,NA,NA,NA,NA,NA,NA,16,14,2,88.5,66.7,1.12,11,22,-11,53.2,38.5,0.64,3,5,-2,85.3,50,0.72,8,13,-5,61.9,40,0.8,13,9,4,89.8,73.3,1.28,3,9,-6,41.4,36.4,0.42,NA,NA,NA,NA,NA,NA,NA,NA,NA,NA,NA,NA,1
2/24/2020,xeta,TYLOO,mousesports,Korea,11188,2339503,4901,IEM Katowice 2020,3,Inferno,Dust2,,22,7,36,9,4,57.4,-14,48,-1,0.73,7,2,18,2,1,47.6,-11,30.1,-3,0.45,15,5,18,7,3,65.4,-3,62.5,2,0.98,NA,NA,NA,NA,NA,NA,NA,NA,NA,NA,11,13,-2,63,66.7,0.92,11,23,-12,35.9,50,0.58,1,5,-4,24,33.3,0.2,6,13,-7,32.6,53.3,0.56,10,8,2,78.6,80,1.26,5,10,-5,40.5,45.5,0.61,NA,NA,NA,NA,NA,NA,NA,NA,NA,NA,NA,NA,1
2/26/2020,AdreN,Virtus.pro,MAD Lions,Kazakhstan,334,2339389,4901,IEM Katowice 2020,3,Overpass,Vertigo,Dust2,52,10,48,25,1,68.3,4,63.7,0,1.01,22,4,19,13,0,66.7,3,67.8,0,1.07,20,3,12,9,0,69.6,8,83,1,1.27,10,3,17,3,1,69,-7,44.2,-1,0.78,23,30,-7,57.4,54.5,0.7,29,18,11,71.1,84.2,1.38,6,11,-5,34.7,53.3,0.5,16,8,8,100.9,80,1.65,13,9,4,86.5,60,1.11,7,3,4,76.6,87.5,1.57,4,10,-6,50.5,50,0.51,6,7,-1,38.3,86.7,1.03,1
2/26/2020,Jame,Virtus.pro,MAD Lions,Russia,13776,2339389,4901,IEM Katowice 2020,3,Overpass,Vertigo,Dust2,54,10,46,13,5,69.5,8,66,0,1.07,16,5,20,3,3,63.3,-4,61.1,0,0.89,17,3,10,8,0,82.6,7,84.4,-1,1.37,21,2,16,2,2,65.5,5,56.3,1,1.04,31,26,5,68,70.5,1.06,23,20,3,63.6,68.4,1.08,11,10,1,72.8,66.7,1.05,5,10,-5,49.4,60,0.72,11,8,3,84.9,86.7,1.27,6,2,4,83.4,75,1.54,9,8,1,44.8,57.1,0.86,12,8,4,67.1,73.3,1.21,1
2/26/2020,SANJI,Virtus.pro,MAD Lions,Uzbekistan,11716,2339389,4901,IEM Katowice 2020,3,Overpass,Vertigo,Dust2,52,14,55,29,4,70.7,-3,63,4,1.02,18,4,23,7,3,63.3,-5,60.1,0,0.86,15,5,13,7,0,73.9,2,57.1,2,1.03,19,5,19,15,1,75.9,0,70.8,2,1.2,20,34,-14,50.5,54.5,0.59,32,21,11,77.6,89.5,1.51,9,13,-4,72.5,53.3,0.69,9,10,-1,47.6,73.3,1.03,7,11,-4,43.7,60,0.59,8,2,6,82.4,100,1.85,4,10,-6,34.2,50,0.49,15,9,6,104.9,100,1.86,1
2/26/2020,buster,Virtus.pro,MAD Lions,Kazakhstan,11942,2339389,4901,IEM Katowice 2020,3,Overpass,Vertigo,Dust2,54,16,52,29,5,69.5,2,75.7,3,1.09,14,8,19,5,2,70,-5,60.8,-1,0.86,20,3,13,11,0,69.6,7,100.1,2,1.45,20,5,20,13,3,69,0,71.9,2,1.06,26,29,-3,74.4,63.6,0.9,28,23,5,77.3,76.3,1.31,6,8,-2,57.8,73.3,0.82,8,11,-3,63.8,66.7,0.89,10,10,0,86.9,60,1.05,10,3,7,125,87.5,2.22,10,11,-1,78.9,57.1,0.85,10,9,1,65.3,80,1.26,1
2/26/2020,qikert,Virtus.pro,MAD Lions,Kazakhstan,13239,2339389,4901,IEM Katowice 2020,3,Overpass,Vertigo,Dust2,57,26,58,29,6,79.3,-1,83.8,-1,1.13,20,10,23,9,2,76.7,-3,73,-1,1,14,7,14,7,1,82.6,0,75.6,-3,1.03,23,9,21,13,3,79.3,2,101.6,3,1.36,28,32,-4,72.9,77.3,0.84,29,26,3,96.5,81.6,1.46,10,12,-2,67.1,73.3,0.81,10,11,-1,78.9,80,1.2,12,8,4,82.1,86.7,1.11,2,6,-4,63.2,75,0.86,6,12,-6,69.1,71.4,0.58,17,9,8,131.9,86.7,2.08,1
2/25/2020,AdreN,Virtus.pro,Liquid,Kazakhstan,334,2339380,4901,IEM Katowice 2020,3,Vertigo,Mirage,,31,8,46,14,2,63.3,-15,62.2,0,0.78,15,7,26,6,2,60,-11,57.8,2,0.7,16,1,20,8,0,68,-4,68.4,-2,0.9,NA,NA,NA,NA,NA,NA,NA,NA,NA,NA,20,23,-3,73.5,66.7,0.9,11,23,-12,48.3,59.3,0.65,10,12,-2,67.4,66.7,0.88,5,14,-9,47.6,52.9,0.51,10,11,-1,80.9,66.7,0.92,6,9,-3,49.6,70,0.87,NA,NA,NA,NA,NA,NA,NA,NA,NA,NA,NA,NA,1
2/25/2020,Jame,Virtus.pro,Liquid,Russia,13776,2339380,4901,IEM Katowice 2020,3,Vertigo,Mirage,,44,7,39,13,2,70,5,73,4,1.1,27,3,23,8,1,68.6,4,73.8,5,1.16,17,4,16,5,1,72,1,71.9,-1,1.03,NA,NA,NA,NA,NA,NA,NA,NA,NA,NA,28,18,10,79.8,81.8,1.27,16,21,-5,64.6,55.6,0.89,18,10,8,92.3,83.3,1.42,9,13,-4,54.2,52.9,0.88,10,8,2,64.9,80,1.09,7,8,-1,82.4,60,0.93,NA,NA,NA,NA,NA,NA,NA,NA,NA,NA,NA,NA,1
2/25/2020,SANJI,Virtus.pro,Liquid,Uzbekistan,11716,2339380,4901,IEM Katowice 2020,3,Vertigo,Mirage,,38,8,40,19,2,65,-2,70.7,-9,0.93,27,5,21,12,1,74.3,6,80.1,-5,1.16,11,3,19,7,1,52,-8,57.6,-4,0.63,NA,NA,NA,NA,NA,NA,NA,NA,NA,NA,24,19,5,79.1,72.7,1.04,14,21,-7,60.4,55.6,0.8,15,9,6,90,83.3,1.28,12,12,0,69.5,64.7,1.04,9,10,-1,66.1,60,0.77,2,9,-7,44.9,40,0.42,NA,NA,NA,NA,NA,NA,NA,NA,NA,NA,NA,NA,1
2/25/2020,buster,Virtus.pro,Liquid,Kazakhstan,11942,2339380,4901,IEM Katowice 2020,3,Vertigo,Mirage,,32,6,44,16,0,66.7,-12,65.6,-1,0.84,20,3,23,11,0,68.6,-3,67.3,-1,0.93,12,3,21,5,0,64,-9,63.3,0,0.72,NA,NA,NA,NA,NA,NA,NA,NA,NA,NA,16,24,-8,67.3,60.6,0.77,16,20,-4,63.6,74.1,0.94,9,12,-3,63.4,66.7,0.78,11,11,0,71.4,70.6,1.08,7,12,-5,72.1,53.3,0.75,5,9,-4,50.2,80,0.68,NA,NA,NA,NA,NA,NA,NA,NA,NA,NA,NA,NA,1
2/25/2020,qikert,Virtus.pro,Liquid,Kazakhstan,13239,2339380,4901,IEM Katowice 2020,3,Vertigo,Mirage,,40,8,40,20,1,68.3,0,71.5,6,1.08,23,5,28,10,0,65.7,-5,72.1,4,1.02,17,3,12,10,1,72,5,70.6,2,1.16,NA,NA,NA,NA,NA,NA,NA,NA,NA,NA,21,20,1,66.6,75.8,1.03,19,20,-1,77.4,59.3,1.14,13,15,-2,76.2,72.2,1.03,10,13,-3,67.6,58.8,1.01,8,5,3,55,80,1.02,9,7,2,94.1,60,1.36,NA,NA,NA,NA,NA,NA,NA,NA,NA,NA,NA,NA,1
2/26/2020,ALEX,Vitality,FaZe,United Kingdom,8184,2339391,4901,IEM Katowice 2020,3,Mirage,Nuke,Inferno,58,17,60,21,9,65.1,-2,71.7,-6,0.95,22,8,20,11,3,66.7,2,68.7,0,0.98,18,7,19,5,5,70.4,-1,70.3,-1,0.97,18,2,21,5,1,57.7,-3,76.7,-5,0.9,36,29,7,85,69,1.08,22,31,-9,58.2,61,0.81,13,9,4,73.2,60,1.07,9,11,-2,64.2,73.3,0.9,8,8,0,75.4,83.3,0.92,10,11,-1,66.3,60,1.02,15,12,3,104.3,66.7,1.25,3,9,-6,39.1,45.5,0.42,1
2/26/2020,RpK,Vitality,FaZe,France,7169,2339391,4901,IEM Katowice 2020,3,Mirage,Nuke,Inferno,43,13,59,22,0,68.7,-16,70.1,-3,0.88,11,7,21,6,0,66.7,-10,56.8,-3,0.77,20,5,21,11,0,74.1,-1,92.5,0,1.06,12,1,17,5,0,65.4,-5,62.3,0,0.85,20,29,-9,62,71.4,0.74,23,30,-7,78.5,65.9,1.01,2,11,-9,40.1,60,0.4,9,10,-1,73.5,73.3,1.14,11,8,3,95.9,83.3,1.19,9,13,-4,89.8,66.7,0.95,7,10,-3,56.8,73.3,0.79,5,7,-2,69.8,54.5,0.94,1
2/26/2020,ZywOo,Vitality,FaZe,France,11893,2339391,4901,IEM Katowice 2020,3,Mirage,Nuke,Inferno,72,11,47,30,2,73.5,25,97.2,12,1.44,32,6,16,10,1,86.7,16,120.1,5,1.84,17,2,16,7,0,59.3,1,73.9,3,1.09,23,3,15,13,1,73.1,8,94.8,4,1.39,43,21,22,113.4,88.1,1.66,29,26,3,80.5,58.5,1.21,14,8,6,107.4,86.7,1.57,18,8,10,132.9,86.7,2.11,11,6,5,107.2,83.3,1.52,6,10,-4,47.2,40,0.75,18,7,11,124.3,93.3,1.86,5,8,-3,54.6,45.5,0.75,1
2/26/2020,apEX,Vitality,FaZe,France,7322,2339391,4901,IEM Katowice 2020,3,Mirage,Nuke,Inferno,40,13,63,25,6,63.9,-23,57,-9,0.72,13,7,22,7,3,63.3,-9,59.7,-4,0.75,15,3,22,6,2,66.7,-7,53.1,-3,0.78,12,3,19,12,1,61.5,-7,58,-2,0.65,21,32,-11,69.5,69,0.79,19,31,-12,44.3,58.5,0.66,8,11,-3,83.9,66.7,0.9,5,11,-6,35.5,60,0.6,6,9,-3,56.5,83.3,0.88,9,13,-4,50.4,53.3,0.69,7,12,-5,65.5,60,0.61,5,7,-2,47.8,63.6,0.7,1
2/26/2020,shox,Vitality,FaZe,France,1225,2339391,4901,IEM Katowice 2020,3,Mirage,Nuke,Inferno,41,5,55,20,0,66.3,-14,54.4,0,0.84,20,1,18,10,0,76.7,2,62.7,0,1.05,15,2,20,9,0,63,-5,64.1,2,0.94,6,2,17,1,0,57.7,-11,34.7,-2,0.53,24,29,-5,61.2,73.8,0.89,17,26,-9,47.5,58.5,0.78,11,10,1,66.1,80,1.06,9,8,1,59.4,73.3,1.03,7,9,-2,68.3,66.7,0.95,8,11,-3,60.7,60,0.93,6,10,-4,50.5,73.3,0.68,0,7,-7,13.2,36.4,0.32,1
2/25/2020,ALEX,Vitality,Astralis,United Kingdom,8184,2339382,4901,IEM Katowice 2020,3,Overpass,Vertigo,,40,16,54,15,8,56.1,-14,70.5,-4,0.83,13,10,21,8,5,52,-8,64.3,-4,0.71,27,6,33,7,3,58.5,-6,74.2,0,0.93,NA,NA,NA,NA,NA,NA,NA,NA,NA,NA,25,23,2,85.1,64.5,1.01,15,31,-16,57.5,48.6,0.67,3,8,-5,48.6,40,0.39,10,13,-3,74.7,60,0.92,22,15,7,102.5,76.2,1.35,5,18,-13,44.5,40,0.5,NA,NA,NA,NA,NA,NA,NA,NA,NA,NA,NA,NA,1
2/25/2020,RpK,Vitality,Astralis,France,7169,2339382,4901,IEM Katowice 2020,3,Overpass,Vertigo,,53,8,45,20,0,74.2,8,78.6,1,1.13,18,5,20,5,0,68,-2,81.6,1,1.05,35,3,25,15,0,78,10,76.8,0,1.18,NA,NA,NA,NA,NA,NA,NA,NA,NA,NA,32,19,13,95.3,80.6,1.35,21,26,-5,63.8,68.6,0.93,11,8,3,114.9,80,1.3,7,12,-5,59.3,60,0.88,21,11,10,86,81,1.38,14,14,0,67.2,75,0.97,NA,NA,NA,NA,NA,NA,NA,NA,NA,NA,NA,NA,1
2/25/2020,ZywOo,Vitality,Astralis,France,11893,2339382,4901,IEM Katowice 2020,3,Overpass,Vertigo,,38,10,47,12,1,68.2,-9,69.8,-2,0.95,9,2,17,3,1,68,-8,44.8,1,0.71,29,8,30,9,0,68.3,-1,85,-3,1.11,NA,NA,NA,NA,NA,NA,NA,NA,NA,NA,16,21,-5,76.1,71,0.9,22,26,-4,64.3,65.7,1,3,7,-4,63.8,70,0.75,6,10,-4,32.2,66.7,0.68,13,14,-1,81.9,71.4,0.98,16,16,0,88.3,65,1.25,NA,NA,NA,NA,NA,NA,NA,NA,NA,NA,NA,NA,1
2/25/2020,apEX,Vitality,Astralis,France,7322,2339382,4901,IEM Katowice 2020,3,Overpass,Vertigo,,41,18,50,22,2,71.2,-9,87.3,-5,1.02,19,5,18,13,1,76,1,90.4,-1,1.17,22,13,32,9,1,68.3,-10,85.4,-4,0.93,NA,NA,NA,NA,NA,NA,NA,NA,NA,NA,17,22,-5,85.7,80.6,0.94,24,28,-4,88.7,62.9,1.08,8,7,1,104.5,90,1.31,11,11,0,81,66.7,1.08,9,15,-6,76.7,76.2,0.78,13,17,-4,94.5,60,1.09,NA,NA,NA,NA,NA,NA,NA,NA,NA,NA,NA,NA,1
2/25/2020,shox,Vitality,Astralis,France,1225,2339382,4901,IEM Katowice 2020,3,Overpass,Vertigo,,43,3,48,19,2,60.6,-5,61.9,-2,0.86,15,0,18,8,0,64,-3,50.6,-2,0.76,28,3,30,11,2,58.5,-2,68.8,0,0.92,NA,NA,NA,NA,NA,NA,NA,NA,NA,NA,27,23,4,82.3,64.5,1.04,16,25,-9,43.8,57.1,0.69,9,7,2,67.4,70,0.94,6,11,-5,39.3,60,0.65,18,16,2,89.3,61.9,1.09,10,14,-4,47.1,55,0.73,NA,NA,NA,NA,NA,NA,NA,NA,NA,NA,NA,NA,1
2/24/2020,ALEX,Vitality,NiP,United Kingdom,8184,2339373,4901,IEM Katowice 2020,3,Vertigo,Nuke,,51,10,33,20,6,68.5,18,102.2,9,1.43,22,2,18,7,1,64.3,4,83.5,7,1.24,29,8,15,13,5,73.1,14,122.4,2,1.66,NA,NA,NA,NA,NA,NA,NA,NA,NA,NA,30,13,17,121.2,73.1,1.68,21,20,1,84.6,64.3,1.19,12,9,3,84.7,60,1.09,10,9,1,82.1,69.2,1.41,18,4,14,171,90.9,2.57,11,11,0,86.8,60,0.99,NA,NA,NA,NA,NA,NA,NA,NA,NA,NA,NA,NA,0
2/24/2020,RpK,Vitality,NiP,France,7169,2339373,4901,IEM Katowice 2020,3,Vertigo,Nuke,,35,8,36,25,0,77.8,-1,68,-6,1,22,3,18,17,0,78.6,4,75.4,-2,1.13,13,5,18,8,0,76.9,-5,59.9,-4,0.87,NA,NA,NA,NA,NA,NA,NA,NA,NA,NA,17,18,-1,70.1,73.1,0.87,18,18,0,66,82.1,1.12,10,12,-2,75.3,66.7,0.81,12,6,6,75.5,92.3,1.49,7,6,1,62.9,81.8,0.96,6,12,-6,57.7,73.3,0.81,NA,NA,NA,NA,NA,NA,NA,NA,NA,NA,NA,NA,0
2/24/2020,ZywOo,Vitality,NiP,France,11893,2339373,4901,IEM Katowice 2020,3,Vertigo,Nuke,,45,11,34,25,1,70.4,11,91.6,-1,1.3,23,9,19,14,1,71.4,4,100.6,-1,1.32,22,2,15,11,0,69.2,7,82,0,1.29,NA,NA,NA,NA,NA,NA,NA,NA,NA,NA,22,18,4,94.5,69.2,1.08,23,16,7,89,71.4,1.5,12,11,1,98.1,60,1.03,11,8,3,103.5,84.6,1.65,10,7,3,89.5,81.8,1.17,12,8,4,76.5,60,1.37,NA,NA,NA,NA,NA,NA,NA,NA,NA,NA,NA,NA,0
2/24/2020,apEX,Vitality,NiP,France,7322,2339373,4901,IEM Katowice 2020,3,Vertigo,Nuke,,28,17,37,11,4,64.8,-9,66.6,-2,0.86,14,7,18,4,2,60.7,-4,58.1,-1,0.78,14,10,19,7,2,69.2,-5,75.7,-1,0.95,NA,NA,NA,NA,NA,NA,NA,NA,NA,NA,18,16,2,81.8,80.8,1.05,10,21,-11,52.4,50,0.69,10,10,0,70.5,66.7,0.85,4,8,-4,43.7,53.8,0.7,8,6,2,97.2,100,1.34,6,13,-7,59.9,46.7,0.67,NA,NA,NA,NA,NA,NA,NA,NA,NA,NA,NA,NA,0
2/24/2020,shox,Vitality,NiP,France,1225,2339373,4901,IEM Katowice 2020,3,Vertigo,Nuke,,36,5,31,14,1,70.4,5,65,-1,1.07,21,5,18,11,1,78.6,3,81.1,1,1.18,15,0,13,3,0,61.5,2,47.7,-2,0.97,NA,NA,NA,NA,NA,NA,NA,NA,NA,NA,12,15,-3,49.1,73.1,0.82,24,16,8,79.8,67.9,1.29,8,12,-4,65.2,73.3,0.78,13,6,7,99.5,84.6,1.64,4,3,1,27.1,72.7,0.9,11,10,1,62.7,53.3,1.01,NA,NA,NA,NA,NA,NA,NA,NA,NA,NA,NA,NA,0
