"","date","player_name","team","opponent","country","player_id","match_id","event_id","event_name","best_of","map_1","map_2","map_3","kills","assists","deaths","hs","flash_assists","kast","kddiff","adr","fkdiff","rating","m1_kills","m1_assists","m1_deaths","m1_hs","m1_flash_assists","m1_kast","m1_kddiff","m1_adr","m1_fkdiff","m1_rating","m2_kills","m2_assists","m2_deaths","m2_hs","m2_flash_assists","m2_kast","m2_kddiff","m2_adr","m2_fkdiff","m2_rating","m3_kills","m3_assists","m3_deaths","m3_hs","m3_flash_assists","m3_kast","m3_kddiff","m3_adr","m3_fkdiff","m3_rating","kills_ct","deaths_ct","kddiff_ct","adr_ct","kast_ct","rating_ct","kills_t","deaths_t","kddiff_t","adr_t","kast_t","rating_t","m1_kills_ct","m1_deaths_ct","m1_kddiff_ct","m1_adr_ct","m1_kast_ct","m1_rating_ct","m1_kills_t","m1_deaths_t","m1_kddiff_t","m1_adr_t","m1_kast_t","m1_rating_t","m2_kills_ct","m2_deaths_ct","m2_kddiff_ct","m2_adr_ct","m2_kast_ct","m2_rating_ct","m2_kills_t","m2_deaths_t","m2_kddiff_t","m2_adr_t","m2_kast_t","m2_rating_t","m3_kills_ct","m3_deaths_ct","m3_kddiff_ct","m3_adr_ct","m3_kast_ct","m3_rating_ct","m3_kills_t","m3_deaths_t","m3_kddiff_t","m3_adr_t","m3_kast_t","m3_rating_t","winner"
"1","2020-02-24","AZR","100 Thieves","G2","Australia",8082,2339378,4901,"IEM Katowice 2020",3,"Mirage","Dust2","",12,3,35,8,2,40.5,-23,41.6,-4,0.37,5,1,17,3,0,31.6,-12,34.9,-1,0.31,7,2,18,5,2,50,-11,48.7,-3,0.44,NA,NA,NA,NA,NA,NA,NA,NA,NA,NA,0,7,-7,48.6,14.3,0.11,12,28,-16,40,46.7,0.43,0,4,-4,16.2,NA,0.02,5,13,-8,39.9,40,0.39,0,3,-3,91.7,33.3,0.31,7,15,-8,40.1,53.3,0.46,NA,NA,NA,NA,NA,NA,NA,NA,NA,NA,NA,NA,1
"2","2020-02-24","Gratisfaction","100 Thieves","G2","New Zealand",9686,2339378,4901,"IEM Katowice 2020",3,"Mirage","Dust2","",15,8,34,4,6,43.2,-19,44.9,-5,0.44,9,3,16,2,2,47.4,-7,47.3,-2,0.51,6,5,18,2,4,38.9,-12,42.5,-3,0.38,NA,NA,NA,NA,NA,NA,NA,NA,NA,NA,1,7,-6,43.3,42.9,0.19,14,27,-13,45.3,43.3,0.5,0,4,-4,45.2,50,0.24,9,12,-3,47.8,46.7,0.58,1,3,-2,40.7,33.3,0.22,5,15,-10,42.9,40,0.42,NA,NA,NA,NA,NA,NA,NA,NA,NA,NA,NA,NA,1
"3","2020-02-24","Liazz","100 Thieves","G2","Australia",10588,2339378,4901,"IEM Katowice 2020",3,"Mirage","Dust2","",12,11,35,6,4,54.1,-23,49.9,-6,0.55,7,5,18,2,1,57.9,-11,52.9,-3,0.62,5,6,17,4,3,50,-12,46.6,-3,0.48,NA,NA,NA,NA,NA,NA,NA,NA,NA,NA,2,7,-5,32.4,28.6,0.15,10,28,-18,53.9,60,0.64,1,4,-3,12.2,25,0.08,6,14,-8,63.8,66.7,0.77,1,3,-2,59.3,33.3,0.27,4,14,-10,44.1,53.3,0.52,NA,NA,NA,NA,NA,NA,NA,NA,NA,NA,NA,NA,1
"4","2020-02-24","jkaem","100 Thieves","G2","Norway",8248,2339378,4901,"IEM Katowice 2020",3,"Mirage","Dust2","",20,6,33,13,4,51.4,-13,64.4,1,0.78,13,1,16,7,1,57.9,-3,76.4,1,0.98,7,5,17,6,3,44.4,-10,51.8,0,0.59,NA,NA,NA,NA,NA,NA,NA,NA,NA,NA,6,6,0,94,71.4,1.07,14,27,-13,57.5,46.7,0.71,5,4,1,132.2,100,1.68,8,12,-4,61.5,46.7,0.8,1,2,-1,43,33.3,0.42,6,15,-9,53.5,46.7,0.63,NA,NA,NA,NA,NA,NA,NA,NA,NA,NA,NA,NA,1
"5","2020-02-24","jks","100 Thieves","G2","Australia",4679,2339378,4901,"IEM Katowice 2020",3,"Mirage","Dust2","",28,3,34,18,0,59.5,-6,84.1,-1,0.9,12,1,18,10,0,57.9,-6,75.2,0,0.76,16,2,16,8,0,61.1,0,93.4,-1,1.07,NA,NA,NA,NA,NA,NA,NA,NA,NA,NA,6,6,0,85,71.4,0.99,22,28,-6,83.8,56.7,0.87,5,4,1,123.8,75,1.46,7,14,-7,62.3,53.3,0.57,1,2,-1,33.3,66.7,0.47,15,14,1,105.4,60,1.19,NA,NA,NA,NA,NA,NA,NA,NA,NA,NA,NA,NA,1
"6","2020-02-24","NiKo","FaZe","Natus Vincere","Bosnia and Herzegovina",3741,2339375,4901,"IEM Katowice 2020",3,"Nuke","Dust2","Overpass",67,16,56,30,7,67.9,11,91.2,-2,1.17,22,8,20,11,2,80,2,91.6,-1,1.24,29,5,17,14,2,76.7,12,107.8,0,1.44,16,3,19,5,3,46.2,-3,71.6,-1,0.83,36,22,14,97.2,75,1.3,31,34,-3,85.3,61,1.04,10,7,3,99.7,80,1.29,12,13,-1,86.3,80,1.2,13,7,6,97.9,86.7,1.35,16,10,6,117.7,66.7,1.53,13,8,5,94.9,60,1.26,3,11,-8,39.8,27.3,0.25,1
"7","2020-02-24","broky","FaZe","Natus Vincere","Latvia",18053,2339375,4901,"IEM Katowice 2020",3,"Nuke","Dust2","Overpass",46,18,52,12,10,66.7,-6,62.9,2,0.93,20,8,14,6,3,88,6,83,1,1.36,15,4,20,2,4,66.7,-5,52.2,0,0.85,11,6,18,4,3,46.2,-7,55.9,1,0.68,27,22,5,71.7,80,1.11,19,30,-11,54.3,53.7,0.75,11,4,7,97.7,100,1.89,9,10,-1,73.1,80,1,7,10,-3,50.7,73.3,0.77,8,10,-2,53.7,60,0.93,9,8,1,75.3,73.3,0.97,2,10,-8,29.5,9.1,0.29,1
"8","2020-02-24","coldzera","FaZe","Natus Vincere","Brazil",9216,2339375,4901,"IEM Katowice 2020",3,"Nuke","Dust2","Overpass",55,13,53,34,4,72.8,2,76.8,7,1.11,22,6,13,16,2,80,9,90,3,1.45,22,4,19,12,1,83.3,3,85.3,7,1.31,11,3,21,6,1,53.8,-10,54.2,-3,0.6,32,22,10,85.6,85,1.33,23,31,-8,68.1,61,0.9,11,4,7,105.4,90,1.7,11,9,2,79.7,73.3,1.29,12,8,4,88.7,93.3,1.52,10,11,-1,81.9,73.3,1.09,9,10,-1,69.3,73.3,0.92,2,11,-9,33.5,27.3,0.16,1
"9","2020-02-24","olofmeister","FaZe","Natus Vincere","Sweden",885,2339375,4901,"IEM Katowice 2020",3,"Nuke","Dust2","Overpass",51,9,50,24,3,70.4,1,59.1,6,1,21,2,14,10,0,84,7,75,2,1.34,18,2,18,12,1,70,0,53.1,4,0.98,12,5,18,2,2,57.7,-6,50.6,0,0.73,26,19,7,63,80,1.1,25,31,-6,55.2,61,0.9,5,3,2,56.1,90,1.16,16,11,5,87.6,80,1.46,11,8,3,60.8,80,1.08,7,10,-3,45.5,60,0.88,10,8,2,69.8,73.3,1.09,2,10,-8,24.4,36.4,0.24,1
"10","2020-02-24","rain","FaZe","Natus Vincere","Norway",8183,2339375,4901,"IEM Katowice 2020",3,"Nuke","Dust2","Overpass",46,10,56,31,1,67.9,-10,73.3,-8,0.95,11,5,19,7,0,68,-8,67,-4,0.83,15,3,19,12,1,70,-4,63.9,-3,0.92,20,2,18,12,0,65.4,2,90.2,-1,1.13,29,24,5,81,77.5,1.15,17,32,-15,65.8,58.5,0.75,5,8,-3,80.6,70,0.9,6,11,-5,57.9,66.7,0.78,10,8,2,79.7,86.7,1.21,5,11,-6,48.1,53.3,0.63,14,8,6,82.6,73.3,1.28,6,10,-4,100.6,54.5,0.92,1
"11","2020-02-25","Brollan","fnatic","Natus Vincere","Sweden",13666,2339383,4901,"IEM Katowice 2020",3,"Dust2","Inferno","Mirage",55,17,48,33,8,66.7,7,68.8,-4,1.04,17,3,11,10,1,82.6,6,64.7,-1,1.26,15,6,20,8,2,56.7,-5,60.4,-2,0.73,23,8,17,15,5,64.3,6,81.1,-1,1.22,35,22,13,76.2,81.4,1.21,20,26,-6,60.4,50,0.85,13,6,7,72.5,93.3,1.42,4,5,-1,50,62.5,0.95,8,11,-3,58.5,60,0.69,7,9,-2,62.3,53.3,0.78,14,5,9,100.8,92.3,1.62,9,12,-3,64.1,40,0.88,0
"12","2020-02-25","Golden","fnatic","Natus Vincere","Sweden",11110,2339383,4901,"IEM Katowice 2020",3,"Dust2","Inferno","Mirage",45,12,51,27,2,71.6,-6,66.2,2,0.99,19,6,12,11,1,82.6,7,89.5,0,1.41,16,2,21,10,1,70,-5,66.4,2,0.96,10,4,18,6,0,64.3,-8,46.8,0,0.71,30,24,6,72.1,83.7,1.15,15,27,-12,59.6,57.9,0.81,15,8,7,98.2,86.7,1.61,4,4,0,73.2,75,1.05,7,10,-3,61.5,80,0.88,9,11,-2,71.3,60,1.04,8,6,2,54.2,84.6,0.96,2,12,-10,40.5,46.7,0.49,0
"13","2020-02-25","JW","fnatic","Natus Vincere","Sweden",3849,2339383,4901,"IEM Katowice 2020",3,"Dust2","Inferno","Mirage",51,17,55,20,4,64.2,-4,72.8,-2,1,8,6,14,3,1,69.6,-6,49.4,0,0.82,26,5,23,11,0,63.3,3,87.3,-4,1.16,17,6,18,6,3,60.7,-1,76.5,2,1.03,32,29,3,89.9,67.4,1.12,19,26,-7,53.5,60.5,0.87,6,9,-3,66.5,60,0.78,2,5,-3,17.4,87.5,0.89,17,12,5,118.7,66.7,1.39,9,11,-2,55.8,60,0.93,9,8,1,83.5,76.9,1.24,8,10,-2,70.5,46.7,0.84,0
"14","2020-02-25","KRIMZ","fnatic","Natus Vincere","Sweden",7528,2339383,4901,"IEM Katowice 2020",3,"Dust2","Inferno","Mirage",69,17,44,30,8,72.8,25,84.5,8,1.33,31,6,10,15,4,91.3,21,130.9,6,2.16,17,5,17,7,3,63.3,0,60.6,1,0.86,21,6,17,8,1,67.9,4,71.9,1,1.2,44,22,22,94,81.4,1.5,25,22,3,73.7,63.2,1.13,21,7,14,131,93.3,2.14,10,3,7,130.8,87.5,2.2,10,9,1,61.8,66.7,0.88,7,8,-1,59.5,60,0.84,13,6,7,88.5,84.6,1.56,8,11,-3,57.6,53.3,0.89,0
"15","2020-02-25","flusha","fnatic","Natus Vincere","Sweden",3055,2339383,4901,"IEM Katowice 2020",3,"Dust2","Inferno","Mirage",52,25,49,20,6,77.8,3,85.2,0,1.12,15,4,12,7,1,78.3,3,78,-2,1.09,17,11,17,4,2,86.7,0,84.2,1,1.15,20,10,20,9,3,67.9,0,92.3,1,1.14,32,24,8,98.4,86,1.3,20,25,-5,70.3,68.4,0.92,8,7,1,68.3,80,0.97,7,5,2,96.1,75,1.31,11,9,2,98.1,86.7,1.27,6,8,-2,70.3,86.7,1.04,13,8,5,133.5,92.3,1.75,7,12,-5,56.6,46.7,0.62,0
"16","2020-02-26","AmaNEk","G2","mousesports","France",9616,2339384,4901,"IEM Katowice 2020",3,"Dust2","Inferno","Nuke",54,16,45,25,3,73,9,82.8,-1,1.16,19,7,19,8,3,69,0,79.9,-1,1.06,17,5,13,9,0,81.8,4,86.3,0,1.28,18,4,13,8,0,69.6,5,83.1,0,1.22,27,24,3,81.4,64.9,1.01,27,21,6,84.2,81.1,1.31,7,11,-4,59.9,42.9,0.54,12,8,4,98.6,93.3,1.54,12,10,2,85.4,73.3,1.15,5,3,2,88.1,100,1.55,8,3,5,111.4,87.5,1.65,10,10,0,68.1,60,1,0
"17","2020-02-26","JaCkz","G2","mousesports","France",284,2339384,4901,"IEM Katowice 2020",3,"Dust2","Inferno","Nuke",38,17,45,22,4,79.7,-7,63.6,2,1.04,14,8,19,6,3,79.3,-5,61.3,1,1.06,10,8,14,7,1,86.4,-4,66.4,3,1.07,14,1,12,9,0,73.9,2,63.9,-2,1.08,17,23,-6,59.8,75.7,0.85,21,22,-1,67.4,83.8,1.24,2,12,-10,36.9,57.1,0.33,12,7,5,84.1,100,1.74,6,8,-2,52.5,80,0.92,4,6,-2,96.3,100,1.41,9,3,6,113.9,100,1.8,5,9,-4,37.3,60,0.69,0
"18","2020-02-26","huNter-","G2","mousesports","Serbia",3972,2339384,4901,"IEM Katowice 2020",3,"Dust2","Inferno","Nuke",62,9,51,39,0,74.3,11,89,2,1.21,19,3,24,9,0,65.5,-5,79.4,0,0.98,21,2,13,15,0,77.3,8,94.1,2,1.37,22,4,14,15,0,82.6,8,96.2,0,1.37,29,30,-1,84.3,64.9,0.98,33,21,12,93.7,83.8,1.44,6,14,-8,57.7,50,0.44,13,10,3,99.7,80,1.49,14,10,4,96.1,66.7,1.24,7,3,4,89.9,100,1.65,9,6,3,108.6,87.5,1.52,13,8,5,89.5,80,1.29,0
"19","2020-02-26","kennyS","G2","mousesports","France",7167,2339384,4901,"IEM Katowice 2020",3,"Dust2","Inferno","Nuke",64,16,36,22,5,79.7,28,90.8,6,1.46,19,4,16,7,1,69,3,68.7,-1,1.07,22,4,8,7,4,81.8,14,92.1,3,1.64,23,8,12,8,0,91.3,11,117.2,4,1.83,30,17,13,82.8,81.1,1.31,34,19,15,98.7,78.4,1.61,8,9,-1,58.9,57.1,0.72,11,7,4,77.9,80,1.39,17,5,12,106,93.3,1.89,5,3,2,62.4,57.1,1.08,5,3,2,81.2,100,1.33,18,9,9,136.4,86.7,2.1,0
"20","2020-02-26","nexa","G2","mousesports","Serbia",9618,2339384,4901,"IEM Katowice 2020",3,"Dust2","Inferno","Nuke",54,14,43,29,7,79.7,11,70.5,7,1.19,19,7,19,10,6,72.4,0,66.3,2,1,16,6,13,8,1,86.4,3,81.1,4,1.22,19,1,11,11,0,82.6,8,65.5,1,1.4,30,27,3,87.4,81.1,1.08,24,16,8,53.6,78.4,1.29,12,13,-1,92.1,71.4,0.94,7,6,1,42.3,73.3,1.06,10,11,-1,89.9,86.7,1.06,6,2,4,62.1,85.7,1.55,8,3,5,74.2,87.5,1.37,11,8,3,60.9,80,1.41,0
"21","2020-02-24","AmaNEk","G2","100 Thieves","France",9616,2339378,4901,"IEM Katowice 2020",3,"Mirage","Dust2","",40,9,15,17,2,91.9,25,107.2,3,1.74,24,4,10,10,1,89.5,14,119.8,3,1.88,16,5,5,7,1,94.4,11,93.9,0,1.64,NA,NA,NA,NA,NA,NA,NA,NA,NA,NA,31,12,19,100.2,90,1.64,9,3,6,137,100,2.18,21,8,13,126.3,86.7,1.98,3,2,1,95.2,100,1.51,10,4,6,74.1,93.3,1.34,6,1,5,192.7,100,3.13,NA,NA,NA,NA,NA,NA,NA,NA,NA,NA,NA,NA,0
"22","2020-02-24","JaCkz","G2","100 Thieves","France",284,2339378,4901,"IEM Katowice 2020",3,"Mirage","Dust2","",27,10,18,17,3,86.5,9,79.7,6,1.39,15,3,10,6,0,78.9,5,80.7,1,1.36,12,7,8,11,3,94.4,4,78.6,5,1.42,NA,NA,NA,NA,NA,NA,NA,NA,NA,NA,18,15,3,64.3,86.7,1.18,9,3,6,145.7,85.7,2.27,9,8,1,63.3,80,1.13,6,2,4,146,75,2.2,9,7,2,65.2,93.3,1.23,3,1,2,145.3,100,2.37,NA,NA,NA,NA,NA,NA,NA,NA,NA,NA,NA,NA,0
"23","2020-02-24","huNter-","G2","100 Thieves","Serbia",3972,2339378,4901,"IEM Katowice 2020",3,"Mirage","Dust2","",41,7,19,20,0,91.9,22,112.1,4,1.77,19,4,8,10,0,89.5,11,101.8,1,1.64,22,3,11,10,0,94.4,11,122.9,3,1.95,NA,NA,NA,NA,NA,NA,NA,NA,NA,NA,35,15,20,122,93.3,1.85,6,4,2,69.6,85.7,1.42,14,6,8,99.5,93.3,1.62,5,2,3,110.2,75,1.69,21,9,12,144.5,93.3,2.1,1,2,-1,15.3,100,1.18,NA,NA,NA,NA,NA,NA,NA,NA,NA,NA,NA,NA,0
"24","2020-02-24","kennyS","G2","100 Thieves","France",7167,2339378,4901,"IEM Katowice 2020",3,"Mirage","Dust2","",29,8,19,9,4,67.6,10,72.7,-2,1.15,14,3,11,3,2,63.2,3,72.6,-1,1.04,15,5,8,6,2,72.2,7,72.8,-1,1.27,NA,NA,NA,NA,NA,NA,NA,NA,NA,NA,25,16,9,76.8,66.7,1.13,4,3,1,55.3,71.4,1.22,11,8,3,70.9,66.7,0.98,3,3,0,79,50,1.27,14,8,6,82.6,66.7,1.29,1,0,1,23.7,100,1.17,NA,NA,NA,NA,NA,NA,NA,NA,NA,NA,NA,NA,0
"25","2020-02-24","nexa","G2","100 Thieves","Serbia",9618,2339378,4901,"IEM Katowice 2020",3,"Mirage","Dust2","",34,13,16,18,2,97.3,18,95.1,4,1.62,13,5,7,7,0,94.7,6,76.6,1,1.36,21,8,9,11,2,100,12,114.6,3,1.92,NA,NA,NA,NA,NA,NA,NA,NA,NA,NA,29,14,15,102.4,96.7,1.62,5,2,3,63.9,100,1.64,10,5,5,78.5,93.3,1.33,3,2,1,69.5,100,1.46,19,9,10,126.3,100,1.93,2,0,2,56.3,100,1.87,NA,NA,NA,NA,NA,NA,NA,NA,NA,NA,NA,NA,0
"26","2020-02-26","chrisJ","mousesports","G2","Netherlands",2730,2339384,4901,"IEM Katowice 2020",3,"Dust2","Inferno","Nuke",45,10,57,23,0,63.5,-12,66.4,-6,0.84,25,0,20,13,0,75.9,5,76,1,1.16,5,6,19,3,0,54.5,-14,45.3,-5,0.47,15,4,18,7,0,56.5,-3,74.4,-2,0.86,22,30,-8,67.5,67.6,0.72,23,27,-4,65.2,59.5,0.96,9,13,-4,57.1,66.7,0.62,16,7,9,96.1,85.7,1.74,1,6,-5,49.6,57.1,0.32,4,13,-9,43.3,53.3,0.54,12,11,1,86.3,73.3,1.04,3,7,-4,52.2,25,0.54,1
"27","2020-02-26","frozen","mousesports","G2","Slovakia",9960,2339384,4901,"IEM Katowice 2020",3,"Dust2","Inferno","Nuke",32,13,54,15,1,58.1,-22,63.7,-1,0.76,12,6,17,7,1,65.5,-5,67.4,0,0.91,13,2,16,3,0,59.1,-3,68.1,-1,0.84,7,5,21,5,0,47.8,-14,54.9,0,0.51,13,28,-15,59.6,54.1,0.58,19,26,-7,67.8,62.2,0.94,5,10,-5,63.9,53.3,0.6,7,7,0,71.3,78.6,1.25,4,5,-1,56.1,71.4,0.7,9,11,-2,73.7,53.3,0.9,4,13,-9,57.1,46.7,0.51,3,8,-5,50.9,50,0.51,1
"28","2020-02-26","karrigan","mousesports","G2","Denmark",429,2339384,4901,"IEM Katowice 2020",3,"Dust2","Inferno","Nuke",34,17,61,19,4,58.1,-27,63.6,-16,0.7,10,10,24,9,3,62.1,-14,59,-9,0.65,15,4,16,7,1,68.2,-1,77,-5,1,9,3,21,3,0,43.5,-12,56.5,-2,0.5,16,30,-14,68.5,48.6,0.53,18,31,-13,58.7,67.6,0.86,4,13,-9,64.1,46.7,0.36,6,11,-5,53.6,78.6,0.96,5,4,1,86,85.7,1.12,10,12,-2,72.8,60,0.94,7,13,-6,64.6,33.3,0.47,2,8,-6,41.2,62.5,0.57,1
"29","2020-02-26","ropz","mousesports","G2","Estonia",11816,2339384,4901,"IEM Katowice 2020",3,"Dust2","Inferno","Nuke",56,5,51,35,1,70.3,5,76.1,5,1.04,23,2,16,13,0,82.8,7,82.8,4,1.31,15,2,18,10,0,59.1,-3,64.7,-1,0.79,18,1,17,12,1,65.2,1,78.6,2,0.98,25,25,0,73.6,75.7,0.96,31,26,5,78.7,64.9,1.12,9,9,0,63.3,86.7,0.95,14,7,7,103.8,78.6,1.69,3,7,-4,59,42.9,0.44,12,11,1,67.4,66.7,0.95,13,9,4,90.7,80,1.25,5,8,-3,55.9,37.5,0.48,1
"30","2020-02-26","woxic","mousesports","G2","Turkey",8574,2339384,4901,"IEM Katowice 2020",3,"Dust2","Inferno","Nuke",53,7,50,18,2,68.9,3,72.6,2,1.06,27,2,14,11,1,72.4,13,94,3,1.51,13,4,17,5,1,68.2,-4,58,0,0.82,13,1,19,2,0,65.2,-6,59.3,-1,0.76,23,27,-4,58.5,62.2,0.78,30,23,7,86.6,75.7,1.34,11,11,0,72.1,53.3,0.86,16,3,13,117.5,92.9,2.21,4,5,-1,42,71.4,0.63,9,12,-3,65.5,66.7,0.9,8,11,-3,52.5,66.7,0.78,5,8,-3,72.1,62.5,0.7,1
"31","2020-02-26","Boombl4","Natus Vincere","NiP","Russia",11840,2339390,4901,"IEM Katowice 2020",3,"Mirage","Train","",32,13,25,14,1,80,7,80.5,-1,1.29,13,5,8,7,0,84.2,5,67.7,1,1.25,19,8,17,7,1,76.9,2,89.8,-2,1.32,NA,NA,NA,NA,NA,NA,NA,NA,NA,NA,21,13,8,85,88.5,1.36,11,12,-1,74.3,68.4,1.19,12,6,6,69.4,86.7,1.28,1,2,-1,61.5,75,1.14,9,7,2,106.3,90.9,1.48,10,10,0,77.7,66.7,1.2,NA,NA,NA,NA,NA,NA,NA,NA,NA,NA,NA,NA,0
"32","2020-02-26","Perfecto","Natus Vincere","NiP","Russia",16947,2339390,4901,"IEM Katowice 2020",3,"Mirage","Train","",33,9,23,10,0,84.4,10,81.8,2,1.32,9,4,9,3,0,89.5,0,61,1,1.07,24,5,14,7,0,80.8,10,97,1,1.52,NA,NA,NA,NA,NA,NA,NA,NA,NA,NA,17,12,5,73,88.5,1.24,16,11,5,93.8,78.9,1.42,8,6,2,67.9,100,1.24,1,3,-2,35,50,0.42,9,6,3,80,72.7,1.26,15,8,7,109.5,86.7,1.71,NA,NA,NA,NA,NA,NA,NA,NA,NA,NA,NA,NA,0
"33","2020-02-26","electronic","Natus Vincere","NiP","Russia",8918,2339390,4901,"IEM Katowice 2020",3,"Mirage","Train","",29,10,26,14,1,75.6,3,79.5,2,1.22,18,6,9,7,0,84.2,9,110.5,2,1.68,11,4,17,7,1,69.2,-6,56.9,0,0.89,NA,NA,NA,NA,NA,NA,NA,NA,NA,NA,22,14,8,104.9,84.6,1.4,7,12,-5,44.8,63.2,0.96,15,7,8,119.2,86.7,1.68,3,2,1,77.8,75,1.65,7,7,0,85.5,81.8,1.04,4,10,-6,36,60,0.78,NA,NA,NA,NA,NA,NA,NA,NA,NA,NA,NA,NA,0
"34","2020-02-26","flamie","Natus Vincere","NiP","Russia",7594,2339390,4901,"IEM Katowice 2020",3,"Mirage","Train","",43,10,25,24,1,77.8,18,93.6,3,1.45,19,4,10,11,0,84.2,9,108.6,3,1.63,24,6,15,13,1,73.1,9,82.5,0,1.34,NA,NA,NA,NA,NA,NA,NA,NA,NA,NA,22,15,7,88.8,84.6,1.33,21,10,11,100.1,68.4,1.62,11,9,2,94.3,86.7,1.32,8,1,7,162.2,75,2.79,11,6,5,81.2,81.8,1.35,13,9,4,83.5,66.7,1.32,NA,NA,NA,NA,NA,NA,NA,NA,NA,NA,NA,NA,0
"35","2020-02-26","s1mple","Natus Vincere","NiP","Ukraine",7998,2339390,4901,"IEM Katowice 2020",3,"Mirage","Train","",46,11,20,16,6,82.2,26,87.3,5,1.56,26,6,6,10,3,89.5,20,110.4,4,2.07,20,5,14,6,3,76.9,6,70.3,1,1.19,NA,NA,NA,NA,NA,NA,NA,NA,NA,NA,33,10,23,109.4,88.5,1.89,13,10,3,57,73.7,1.1,23,4,19,122.9,93.3,2.26,3,2,1,63.8,75,1.38,10,6,4,91,81.8,1.4,10,8,2,55.2,73.3,1.03,NA,NA,NA,NA,NA,NA,NA,NA,NA,NA,NA,NA,0
"36","2020-02-25","Boombl4","Natus Vincere","fnatic","Russia",11840,2339383,4901,"IEM Katowice 2020",3,"Dust2","Inferno","Mirage",51,11,56,20,3,67.9,-5,70.9,-3,0.99,10,2,18,7,1,56.5,-8,57.9,0,0.66,22,5,20,7,1,80,2,76.2,0,1.13,19,4,18,6,1,64.3,1,75.9,-3,1.11,27,20,7,79.7,73.7,1.12,24,36,-12,63,62.8,0.87,4,6,-2,67.6,62.5,0.76,6,12,-6,52.7,53.3,0.6,11,7,4,75.9,80,1.14,11,13,-2,76.5,80,1.13,12,7,5,90.1,73.3,1.29,7,11,-4,59.5,53.8,0.91,1
"37","2020-02-25","Perfecto","Natus Vincere","fnatic","Russia",16947,2339383,4901,"IEM Katowice 2020",3,"Dust2","Inferno","Mirage",37,10,52,18,3,65.4,-15,57.6,-10,0.81,11,2,18,5,1,56.5,-7,61.9,-4,0.7,10,7,18,4,2,60,-8,52.7,-3,0.72,16,1,16,9,0,78.6,0,59.5,-3,1,14,20,-6,41.6,68.4,0.68,23,32,-9,71.8,62.8,0.91,3,5,-2,34.2,50,0.5,8,13,-5,76.6,60,0.8,3,9,-6,41.7,60,0.5,7,9,-2,63.7,60,0.94,8,6,2,45.5,86.7,0.99,8,10,-2,75.6,69.2,1.01,1
"38","2020-02-25","electronic","Natus Vincere","fnatic","Russia",8918,2339383,4901,"IEM Katowice 2020",3,"Dust2","Inferno","Mirage",48,5,61,26,1,59.3,-13,68.6,1,0.87,11,1,20,6,0,43.5,-9,63,-2,0.61,20,2,21,11,0,66.7,-1,75,1,1.03,17,2,20,9,1,64.3,-3,66.5,2,0.92,22,21,1,69.1,68.4,0.98,26,40,-14,68.3,51.2,0.77,4,6,-2,63.6,62.5,0.66,7,14,-7,62.7,33.3,0.59,11,8,3,89.8,73.3,1.16,9,13,-4,60.1,60,0.9,7,7,0,51.3,66.7,0.98,10,13,-3,84.1,61.5,0.85,1
"39","2020-02-25","flamie","Natus Vincere","fnatic","Russia",7594,2339383,4901,"IEM Katowice 2020",3,"Dust2","Inferno","Mirage",41,12,52,17,0,66.7,-11,58.7,-1,0.83,12,4,17,6,0,52.2,-5,58.3,0,0.73,16,2,17,5,0,76.7,-1,53,-1,0.91,13,6,18,6,0,67.9,-5,65.2,0,0.86,22,20,2,66.5,73.7,1.01,19,32,-13,51.9,60.5,0.68,4,5,-1,66.2,50,0.82,8,12,-4,54.1,53.3,0.68,7,7,0,49,73.3,0.92,9,10,-1,57.1,80,0.9,11,8,3,84.1,86.7,1.22,2,10,-8,43.3,46.2,0.44,1
"40","2020-02-25","s1mple","Natus Vincere","fnatic","Ukraine",7998,2339383,4901,"IEM Katowice 2020",3,"Dust2","Inferno","Mirage",70,12,53,20,6,71.6,17,89.6,9,1.29,15,6,17,6,4,69.6,-2,80.8,3,1.07,30,3,16,9,1,70,14,98.4,5,1.53,25,3,20,5,1,75,5,87.4,1,1.24,41,20,21,114.5,81.6,1.71,29,33,-4,67.6,62.8,0.93,7,5,2,106.4,87.5,1.43,8,12,-4,67.2,60,0.88,15,8,7,102.1,66.7,1.59,15,8,7,94.7,73.3,1.48,19,7,12,131.3,93.3,1.99,6,13,-7,36.6,53.8,0.37,1
"41","2020-02-24","Boombl4","Natus Vincere","FaZe","Russia",11840,2339375,4901,"IEM Katowice 2020",3,"Nuke","Dust2","Overpass",56,9,57,26,4,66.7,-1,73.3,0,1,12,2,22,4,0,52,-10,60.2,-1,0.65,20,2,23,9,0,66.7,-3,69.6,0,0.96,24,5,12,13,4,80.8,12,90.3,1,1.44,29,27,2,78.1,70.7,1,27,30,-3,68.4,62.5,1,11,13,-2,81.6,60,0.85,1,9,-8,28,40,0.34,9,12,-3,69.9,60,0.79,11,11,0,69.3,73.3,1.14,9,2,7,84.6,100,1.54,15,10,5,94.5,66.7,1.36,0
"42","2020-02-24","Perfecto","Natus Vincere","FaZe","Russia",16947,2339375,4901,"IEM Katowice 2020",3,"Nuke","Dust2","Overpass",53,11,52,28,2,74.1,1,70.1,0,1.07,14,5,20,10,1,68,-6,56.8,-1,0.77,20,4,17,11,1,73.3,3,72.3,-2,1.16,19,2,15,7,0,80.8,4,80.4,3,1.27,23,24,-1,57.7,70.7,0.94,30,28,2,82.8,77.5,1.2,6,13,-7,42.4,60,0.49,8,7,1,78.3,80,1.17,9,7,2,57.5,73.3,1.12,11,10,1,87.1,73.3,1.21,8,4,4,78.7,81.8,1.35,11,11,0,81.7,80,1.22,0
"43","2020-02-24","electronic","Natus Vincere","FaZe","Russia",8918,2339375,4901,"IEM Katowice 2020",3,"Nuke","Dust2","Overpass",52,14,57,24,0,64.2,-5,77.1,-2,1,21,4,18,12,0,64,3,90.6,4,1.24,14,6,24,5,0,60,-10,64.2,-5,0.67,17,4,15,7,0,69.2,2,79,-1,1.18,37,22,15,100.4,80.5,1.44,15,35,-20,53.2,47.5,0.55,16,9,7,108.7,73.3,1.6,5,9,-4,63.5,50,0.69,8,11,-3,78.1,73.3,0.89,6,13,-7,50.3,46.7,0.45,13,2,11,119.5,100,2.02,4,13,-9,49.3,46.7,0.56,0
"44","2020-02-24","flamie","Natus Vincere","FaZe","Russia",7594,2339375,4901,"IEM Katowice 2020",3,"Nuke","Dust2","Overpass",48,11,55,22,1,71.6,-7,63.4,-7,0.9,14,3,18,4,0,88,-4,53.1,-2,0.8,17,4,21,6,1,63.3,-4,64.9,-1,0.88,17,4,16,12,0,65.4,1,71.5,-4,1.08,30,23,7,83,80.5,1.18,18,32,-14,43.3,62.5,0.61,8,9,-1,59,86.7,0.88,6,9,-3,44.2,90,0.68,9,10,-1,69.5,60,0.88,8,11,-3,60.3,66.7,0.88,13,4,9,134,100,2.09,4,12,-8,25.7,40,0.34,0
"45","2020-02-24","s1mple","Natus Vincere","FaZe","Ukraine",7998,2339375,4901,"IEM Katowice 2020",3,"Nuke","Dust2","Overpass",57,16,46,18,7,72.8,11,77.7,4,1.15,19,7,18,8,1,60,1,87.2,-1,1.11,21,5,15,7,4,76.7,6,80.4,0,1.17,17,4,13,3,2,80.8,4,65.4,5,1.18,38,19,19,96.3,80.5,1.43,19,27,-8,58.6,65,0.86,13,10,3,101.1,60,1.2,6,8,-2,66.4,60,0.97,16,6,10,116.3,86.7,1.7,5,9,-4,44.5,66.7,0.64,9,3,6,62.5,100,1.42,8,10,-2,67.5,66.7,1,0
"46","2020-02-26","Lekr0","NiP","Natus Vincere","Sweden",9261,2339390,4901,"IEM Katowice 2020",3,"Mirage","Train","",27,8,36,14,5,60,-9,66.8,0,0.78,7,6,18,4,3,52.6,-11,44.5,-1,0.47,20,2,18,10,2,65.4,2,83.1,1,1.02,NA,NA,NA,NA,NA,NA,NA,NA,NA,NA,19,11,8,103.6,78.9,1.37,8,25,-17,39.9,46.2,0.35,3,3,0,87.2,50,0.91,4,15,-11,33.1,53.3,0.36,16,8,8,108,86.7,1.51,4,10,-6,49.2,36.4,0.36,NA,NA,NA,NA,NA,NA,NA,NA,NA,NA,NA,NA,1
"47","2020-02-26","Plopski","NiP","Natus Vincere","Sweden",14218,2339390,4901,"IEM Katowice 2020",3,"Mirage","Train","",31,7,38,10,0,60,-7,87.8,-5,0.92,16,4,17,5,0,52.6,-1,110.2,-3,1.1,15,3,21,5,0,65.4,-6,71.5,-2,0.83,NA,NA,NA,NA,NA,NA,NA,NA,NA,NA,12,15,-3,85.5,63.2,0.82,19,23,-4,89.5,57.7,1,4,3,1,138.8,100,1.54,12,14,-2,102.5,40,0.98,8,12,-4,71.3,53.3,0.66,7,9,-2,71.7,81.8,1.06,NA,NA,NA,NA,NA,NA,NA,NA,NA,NA,NA,NA,1
"48","2020-02-26","REZ","NiP","Natus Vincere","Sweden",9278,2339390,4901,"IEM Katowice 2020",3,"Mirage","Train","",26,3,39,15,2,53.3,-13,66,0,0.75,11,1,18,7,1,57.9,-7,63.2,-1,0.75,15,2,21,8,1,50,-6,68.2,1,0.75,NA,NA,NA,NA,NA,NA,NA,NA,NA,NA,9,16,-7,57.6,57.9,0.62,17,23,-6,72.2,50,0.84,1,4,-3,25.2,50,0.17,10,14,-4,73.3,60,0.91,8,12,-4,66.2,60,0.75,7,9,-2,70.8,36.4,0.76,NA,NA,NA,NA,NA,NA,NA,NA,NA,NA,NA,NA,1
"49","2020-02-26","nawwk","NiP","Natus Vincere","Sweden",13670,2339390,4901,"IEM Katowice 2020",3,"Mirage","Train","",20,2,34,7,0,55.6,-14,52.1,-1,0.7,4,1,15,1,0,42.1,-11,36.8,-2,0.41,16,1,19,6,0,65.4,-3,63.3,1,0.92,NA,NA,NA,NA,NA,NA,NA,NA,NA,NA,8,13,-5,49.3,52.6,0.54,12,21,-9,54.2,57.7,0.81,1,3,-2,30,25,0.2,3,12,-9,38.7,46.7,0.46,7,10,-3,54.4,60,0.64,9,9,0,75.5,72.7,1.31,NA,NA,NA,NA,NA,NA,NA,NA,NA,NA,NA,NA,1
"50","2020-02-26","twist","NiP","Natus Vincere","Sweden",7443,2339390,4901,"IEM Katowice 2020",3,"Mirage","Train","",15,3,36,5,0,60,-21,49.3,-5,0.58,4,1,17,1,0,42.1,-13,38.9,-4,0.3,11,2,19,4,0,73.1,-8,56.9,-1,0.8,NA,NA,NA,NA,NA,NA,NA,NA,NA,NA,7,13,-6,54.1,68.4,0.7,8,23,-15,45.8,53.8,0.5,1,3,-2,69.2,50,0.53,3,14,-11,30.8,40,0.24,6,10,-4,50,73.3,0.75,5,9,-4,66.4,72.7,0.87,NA,NA,NA,NA,NA,NA,NA,NA,NA,NA,NA,NA,1
